Name,Formula,Smiles,#CH3,#CH2,#CH,#C ,#OH,#C-O-C,#O=C,DBA,#N,#Hal,O:C,#C:#OH,DBA:#C,#CH:#C,M / g/mol,Tm / K,Tg / K,Tg/Tm,Tm/Tg,#S,#branching,num_branches_pysmiles,num_branches_ro,num_branches_RDKIT
glucose,C6H12O6,C(C1C(C(C(C(O1)O)O)O)O)O,0,1,4,1,5,0,1,1,0,0,1,0.2,1,4,180,419.675,300.6666667,0.716427394,1.395814856,0,5,5,5,5
dextrose,C6H12O6,OC[C@@H](O)[C@@H](O)[C@H](O)[C@@H](O)C=O,0,1,4,1,5,0,1,1,0,0,1,0.2,1,4,180,432,310,0.717592593,1.393548387,0,5,4,4,4
tartaric acid,C4H6O6,OC(C(O)C(O)=O)C(O)=O,0,0,2,2,4,0,2,2,0,0,1.5,0.5,1,1,150,430,288.775,0.671569767,1.489048567,0,4,4,4,4
"1,2,3-propanetricarboxylic acid",C6H8O6,OC(=O)CC(CC(O)=O)C(O)=O,0,2,1,3,3,0,3,3,0,0,1,1,1,0.333333333,176,431.15,276.45,0.641192161,1.559594863,0,4,4,4,4
"1,2,4-butanetricarboxylic acid",C7H10O6,OC(=O)CCC(CC(O)=O)C(O)=O,0,3,1,3,3,0,3,3,0,0,0.8571,1,1,0.333333333,190,391.65,272.8,0.696540278,1.435667155,0,4,4,4,4
glycerol,C3H8O3,OCC(O)CO,0,2,1,0,3,0,0,0,0,0,1,0,0,0,92,291.2916667,186.15,0.639050207,1.564822276,0,1,1,1,1
ribose,C5H10O5,OC[C@@H](O)[C@@H](O)[C@@H](O)C=O,0,1,3,1,5,0,1,1,0,0,1.2,0.2,1,3,166,360.6666667,259.3333333,0.719038817,1.390745502,0,4,3,3,3
ribose,C5H10O5,OC[C@@H](O)[C@@H](O)[C@@H](O)C=O,0,1,3,1,4,0,1,1,0,0,1,0.25,1,3,150,360.6666667,259.3333333,0.719038817,1.390745502,0,4,3,3,3
ethanol,C2H6O,CCO,1,1,0,0,1,0,0,0,0,0,0.5,0,0,0,46,159.6716667,95.55,0.598415498,1.671079714,0,0,0,0,0
n-propanol,C3H8O,CCCO,1,2,0,0,1,0,0,0,0,0,0.3333,0,0,0,60,147.9714286,97.57142857,0.659393705,1.516544656,0,0,0,0,0
methanol,CH4O,CO,1,0,0,0,1,0,0,0,0,0,1,0,0,0,32,175.465,102.1,0.581882427,1.718560235,0,0,0,0,0
ethylenglycol,C2H6O2,OCCO,0,2,0,0,2,0,0,0,0,0,1,0,0,0,62,260.23,151.5,0.582177305,1.717689769,0,0,0,0,0
phenolphthalein,C20H14O4,Oc1ccc(cc1)C2(OC(=O)c3ccccc23)c4ccc(O)cc4,0,0,12,8,2,1,1,14,0,0,0.2,4,1.75,1.5,318,534.8833333,356,0.6655657,1.502481273,0,20,9,9,8
maltitol,C12H24O11,OCC(O)C(O)C(OC1OC(CO)C(O)C(O)C1O)C(O)CO,0,3,9,0,9,2,0,1,0,0,0.9167,0,0,0,344,420.9,311.5,0.740080779,1.351203852,0,9,9,9,9
flopropione,C9H10O4,CCC(=O)c1c(O)cc(O)cc1O,1,1,2,5,3,0,1,5,0,0,0.4444,1.666666667,1,0.4,182,448.65,335,0.746684498,1.339253731,0,7,5,5,5
2-methyl-1-propanol,C4H10O,CC(C)CO,2,1,1,0,1,0,0,0,0,0,0.25,0,0,0,74,171.25,116.8333333,0.682238443,1.465763196,0,1,1,1,1
n-hexanol,C6H14O,CCCCCCO,1,5,0,0,1,0,0,0,0,0,0.1667,0,0,0,102,224.1666667,128.2333333,0.572044609,1.748115415,0,0,0,0,0
n-pentanol,C5H12O,CCCCCO,1,4,0,0,1,0,0,0,0,0,0.2,0,0,0,88,195.3666667,120.5666667,0.617130183,1.620403649,0,0,0,0,0
benzyl alcohol,C7H8O,OCc1ccccc1,0,1,5,1,1,0,0,4,0,0,0.1429,1,4,5,108,258,168,0.651162791,1.535714286,0,6,1,1,1
"propan-1,2-diol",C3H8O2,CC(O)CO,1,1,1,0,2,0,0,0,0,0,0.6667,0,0,0,76,214.4333333,166.0666667,0.774444272,1.291248494,0,1,1,1,1
resorcinol,C6H6O2,Oc1cccc(O)c1,0,0,4,2,2,0,0,4,0,0,0.3333,1,2,2,110,383,250,0.652741514,1.532,0,6,2,2,2
phenyl-salicylate,C13H10O3,[O-]C(=O)c1ccccc1Oc2ccccc2,0,0,9,4,1,1,1,9,0,0,0.2308,4,2.25,2.25,214,315.1,219.3,0.695969533,1.436844505,0,13,4,4,4
phenyl salicylate,C13H10O3,Oc1ccccc1C(=O)Oc2ccccc2,0,0,9,4,1,1,1,9,0,0,0.2308,4,2.25,2.25,214,316.15,216.5,0.684801518,1.460277136,0,13,4,4,4
dimethylphthalat,C10H10O4,COC(=O)c1ccccc1C(=O)OC,2,0,4,4,0,2,2,6,0,0,0.4,0,1.5,1,194,276.425,193.225,0.699014199,1.430586104,0,8,4,4,4
diethylphthalat,C12H14O4,CCOC(=O)c1ccccc1C(=O)OCC,2,2,4,4,0,2,2,6,0,0,0.3333,0,1.5,1,222,252.075,180.325,0.715362491,1.397892694,0,8,4,4,4
2-ethyl-1-hexanol,C8H18O,CCCCC(CC)CO,2,5,1,0,1,0,0,0,0,0,0.125,0,0,0,130,203.15,146.9333333,0.723275084,1.382599819,0,1,1,1,1
5-methyl-3-heptanol,C8H18O,CCC(C)CC(O)CC,3,3,2,0,1,0,0,0,0,0,0.125,0,0,0,130,181.95,159,0.873866447,1.144339623,0,2,2,2,2
2-phenyl-1-ethanol,C8H10O,OCCc1ccccc1,0,2,5,1,1,0,0,4,0,0,0.125,1,4,5,122,246.15,181.4,0.736949015,1.356945976,0,6,1,1,1
2-butanol,C4H10O,CCC(C)O,2,1,1,0,1,0,0,0,0,0,0.25,0,0,0,74,174.6375,115.835,0.66328824,1.507640178,0,1,1,1,1
"2,2-dimethyl-1-propanol",C5H12O,CC(C)(C)CO,3,1,0,1,1,0,0,0,0,0,0.2,1,0,0,88,325.65,166,0.509749731,1.961746988,0,1,2,2,1
o-xylene,C8H10,Cc1ccccc1C,2,0,4,2,0,0,0,4,0,0,0,0,2,2,106,247.95,123,0.496067756,2.015853659,0,6,2,2,2
m-xylene,C8H10,Cc1cccc(C)c1,2,0,4,2,0,0,0,4,0,0,0,0,2,2,106,225.35,122.75,0.544708232,1.835845214,0,6,2,2,2
2-methylpentane,C6H14,CCCC(C)C,3,2,1,0,0,0,0,0,0,0,0,0,0,0,86,119.7,78.66666667,0.657198552,1.521610169,0,1,1,1,1
triphenylethene,C20H16,c1ccc(cc1)C=C(c2ccccc2)c3ccccc3,0,0,16,4,0,0,0,13,0,0,0,0,3.25,4,256,345.65,246,0.711702589,1.405081301,0,20,4,4,4
n-buten,C4H8,CCC=C,1,2,1,0,0,0,0,1,0,0,0,0,0,0,56,87.905,59.5,0.676867072,1.477394958,0,1,0,0,0
4-methylstyrene,C9H10,Cc1ccc(C=C)cc1,1,1,5,2,0,0,0,5,0,0,0,0,2.5,2.5,118,239.05,167,0.69859862,1.431437126,0,7,2,2,2
o-terphenyl,C18H14,c1ccc(cc1)c2ccccc2c3ccccc3,0,0,14,4,0,0,0,12,0,0,0,0,3,3.5,230,329.64,245.72,0.745419245,1.341526941,0,18,4,4,4
toluol,C7H8,Cc1ccccc1,1,0,5,1,0,0,0,4,0,0,0,0,4,5,92,178.04,115.93,0.65114581,1.535754335,0,6,1,1,1
ethylbenzene,C8H10,CCc1ccccc1,1,1,5,1,0,0,0,4,0,0,0,0,4,5,106,178.1266667,112.3333333,0.630637374,1.58569733,0,6,1,1,1
propylbenzene,C9H12,CCCc1ccccc1,1,2,5,1,0,0,0,4,0,0,0,0,4,5,120,173.675,123.05,0.708507269,1.411418123,0,6,1,1,1
n-pentylbenzene,C11H16,CCCCCc1ccccc1,1,4,5,1,0,0,0,4,0,0,0,0,4,5,148,196.075,128,0.652811424,1.531835938,0,6,1,1,1
n-hexylbenzene,C12H18,CCCCCCc1ccccc1,1,5,5,1,0,0,0,4,0,0,0,0,4,5,162,208.575,137,0.656838068,1.522445255,0,6,1,1,1
sec-butylbenzene,C10H14,CCC(C)c1ccccc1,2,1,6,1,0,0,0,4,0,0,0,0,4,6,134,194.225,127.5,0.656455142,1.523333333,0,7,2,2,2
tert-butyl-benzene,C10H14,CC(C)(C)c1ccccc1,3,0,5,2,0,0,0,4,0,0,0,0,2,2.5,134,215.175,142,0.659927966,1.515316901,0,7,3,3,2
3-methylheptane,C8H18,CCCCC(C)CC,3,4,1,0,0,0,0,0,0,0,0,0,0,0,114,151.335,102.5,0.677305316,1.476439024,0,1,1,1,1
cyclohexene,C6H10,C1CCC=CC1,0,4,2,0,0,0,0,2,0,0,0,0,0,0,82,170,92,0.541176471,1.847826087,0,2,0,0,0
methylcyclohexane,C7H14,CC1CCCCC1,1,5,1,0,0,0,0,1,0,0,0,0,0,0,98,146.775,85,0.579117697,1.726764706,0,1,1,1,1
ethylcyclohexane,C8H16,CCC1CCCCC1,1,6,1,0,0,0,0,1,0,0,0,0,0,0,112,161.95,98,0.605125039,1.65255102,0,1,1,1,1
isopropylcyclohexane,C9H18,CC(C)C1CCCCC1,2,5,2,0,0,0,0,1,0,0,0,0,0,0,126,183.8,108,0.587595212,1.701851852,0,2,2,2,2
sec-butylcyclohexane,C10H20,CCC(C)C1CCCCC1,2,6,2,0,0,0,0,1,0,0,0,0,0,0,140,178.4,123,0.689461883,1.450406504,0,2,2,2,2
n-butylcyclohexane,C10H20,CCCCC1CCCCC1,1,8,1,0,0,0,0,1,0,0,0,0,0,0,140,198.21,119,0.600373341,1.665630252,0,1,1,1,1
n-pentylcyclohexane,C11H22,CCCCCC1CCCCC1,1,9,1,0,0,0,0,1,0,0,0,0,0,0,154,215.65,125,0.57964294,1.7252,0,1,1,1,1
n-hexylcyclohexane,C12H24,CCCCCCC1CCCCC1,1,10,1,0,0,0,0,1,0,0,0,0,0,0,168,230.15,133,0.577883989,1.730451128,0,1,1,1,1
trans-2-hexene,C6H12,CCC/C=C/C,2,2,2,0,0,0,0,1,0,0,0,0,0,0,84,140.15,85,0.606493043,1.648823529,0,2,0,0,0
1-heptene,C7H14,CCCCCC=C,1,5,1,0,0,0,0,1,0,0,0,0,0,0,98,154.25,91,0.589951378,1.695054945,0,1,0,0,0
cis-2-octene,C8H16,CCCCC\C=C/C,2,4,2,0,0,0,0,1,0,0,0,0,0,0,112,172.95,101,0.58398381,1.712376238,0,2,0,0,0
3-methylhexane,C7H16,CCCC(C)CC,3,3,1,0,0,0,0,0,0,0,0,0,0,0,100,153.875,89.5,0.581640942,1.719273743,0,1,1,1,1
4-methylnonane,C10H22,CCCCCC(C)CCC,3,6,1,0,0,0,0,0,0,0,0,0,0,0,142,174.15,123,0.706287683,1.415853659,0,1,1,1,1
2-isopropoxyethanol,C5H12O2,CC(C)OCCO,2,2,1,0,1,1,0,0,0,0,0.4,0,0,0,104,191.58,141,0.735984967,1.358723404,0,1,1,1,1
"2,5-hexanediol",C6H14O2,CC(O)CCC(C)O,2,2,2,0,2,0,0,0,0,0,0.3333,0,0,0,118,316.15,203.5,0.643681797,1.553562654,0,2,2,2,2
n-eugenol,C10H12O2,Oc1ccc(cc1OC)CC=C,1,2,4,3,1,1,0,5,0,0,0.2,3,1.666666667,1.333333333,164,265.65,192.7,0.725390551,1.378567722,0,7,3,3,3
sorbitol,C6H14O6,OC[C@H](O)[C@@H](O)[C@H](O)[C@H](O)CO,0,2,4,0,6,0,0,0,0,0,1,0,0,0,182,378.3833333,269.6666667,0.712681144,1.403152039,0,4,4,4,4
propylencarbonate,C4H6O3,CC1COC(=O)O1,1,1,1,1,0,2,1,2,0,0,0.75,0,2,1,102,222.2333333,159.6666667,0.718464077,1.391858037,0,2,2,2,2
guajacol,C7H8O2,COc1ccccc1O,1,0,4,2,1,1,0,4,0,0,0.2857,2,2,2,124,303,205,0.676567657,1.47804878,0,6,2,2,2
sucrose,C12H22O11,OC[C@H]1O[C@H](O[C@]2(CO)O[C@H](CO)[C@@H](O)[C@@H]2O)[C@H](O)[C@@H](O)[C@@H]1O,0,3,8,1,8,3,0,2,0,0,0.9167,0.125,2,8,342,457.67,335,0.731968449,1.366179104,0,9,10,10,9
trehalose,C12H22O11,OCC1OC(OC2OC(CO)C(O)C(O)C2O)C(O)C(O)C1O,0,2,10,0,8,3,0,2,0,0,0.9167,0,0,0,342,482.4166667,383,0.793919502,1.259573542,0,10,10,10,10
dioctylphthalat,C24H38O4,CCCCCCCCOC(=O)c1ccccc1C(=O)OCCCCCCCC,2,14,4,4,0,2,2,6,0,0,0.1667,0,1.5,1,390,298.15,183.45,0.615294315,1.625238485,0,8,4,4,4
naphthylsalyciate,C17H12O3,C1=CC=C2C(=C1)C=CC=C2OC(=O)C3=CC=CC=C3O,0,0,11,6,1,1,1,12,0,0,0.1765,6,2,1.833333333,264,368,244,0.663043478,1.508196721,0,17,6,6,6
vinylacetate,C4H6O2,[O-]C(=O)CC=C,1,1,1,1,0,1,1,2,0,0,0.5,0,2,1,86,180,125,0.694444444,1.44,0,2,1,1,1
xylitol,C5H12O5,OC[C@@H](O)[C@H](O)[C@@H](O)CO,0,2,3,0,2,0,0,0,0,0,0.4,0,0,0,104,366.9416667,248.1166667,0.676174687,1.478907772,0,3,3,3,3
methyl(s)(-)lactate,C4H8O3,COC(=O)[C@H](C)O,2,0,1,1,1,1,1,1,0,0,0.75,1,1,1,104,396,286,0.722222222,1.384615385,0,2,2,2,2
(s)-glycerol acetonate,C6H12O3,CC1(OCC(O1)CO)C,2,2,1,1,1,2,0,1,0,0,0.5,1,1,1,132,384,282,0.734375,1.361702128,0,2,3,3,2
(r)-nopol,C11H18O,CC1(C2CC=C(C1C2)CCO)C,2,4,3,2,1,0,0,3,0,0,0.0909,2,1.5,1.5,166,348,277,0.795977011,1.25631769,0,5,5,5,4
3-hydroxy-2-methylpropionate,C5H10O3,CC(CO)C([O-])=O,2,1,1,1,1,1,1,1,0,0,0.6,1,1,1,118,376,269,0.715425532,1.397769517,0,2,2,2,2
dianins compound,C18H20O2,CC1(CC(C2=CC=CC=C2O1)(C)C3=CC=C(C=C3)O)C,3,1,8,6,1,1,0,9,0,0,0.1111,6,1.5,1.333333333,268,430,299,0.695348837,1.43812709,0,14,8,8,6
4-(1-idianyl)phenol,C15H14O,C1CC2=CC=CC=C2C1C3=CC=C(C=C3)O,0,2,9,4,1,0,0,9,0,0,0.0667,4,2.25,2.25,210,363,269,0.741046832,1.349442379,0,13,5,5,5
2p-hydroxyphenoxytetrahydropyran,C11H14O3,Oc1ccc(OC2CCCCO2)cc1,0,4,5,2,1,2,0,5,0,0,0.2727,2,2.5,2.5,194,358,255,0.712290503,1.403921569,0,7,3,3,3
salicin,C13H18O7,OC[C@H]1O[C@@H](Oc2ccccc2CO)[C@H](O)[C@@H](O)[C@@H]1O,0,2,9,2,5,2,0,5,0,0,0.5385,0.4,2.5,4.5,286,468.5,333.25,0.7113127,1.405851463,0,11,7,7,7
cholesterol,C27H46O,CC(C)CCC[C@@H](C)[C@H]1CC[C@H]2[C@@H]3CC=C4C[C@@H](O)CC[C@]4(C)[C@H]3CC[C@]12C,5,11,8,3,1,0,0,5,0,0,0.037,3,1.666666667,2.666666667,386,422,332,0.786729858,1.271084337,0,11,12,12,10
beta-d-glucosepentaacetate,C16H22O11,CC(=O)OCC1C(C(C(C(O1)OC(=O)C)OC(=O)C)OC(=O)C)OC(=O)C,5,1,5,5,0,6,5,6,0,0,0.6875,0,1.2,1,390,395.5,293.5,0.742098609,1.347529813,0,10,10,10,10
3-pentadecylcyclohexanone,C21H40O,CCCCCCCCCCCCCCCC1CCCC(=O)C1,1,18,1,1,0,0,1,2,0,0,0.0476,0,2,1,308,313,225,0.71884984,1.391111111,0,2,2,2,2
"4,4-dimethoxytetraphenylmethane",C27H24O2,CC(C)(C1=CC(=C(C=C1)O)C2=CC=CC=C2)C3=CC(=C(C=C3)O)C4=CC=CC=C4,2,0,18,7,0,2,0,16,0,0,0.0741,0,2.285714286,2.571428571,380,452,297,0.657079646,1.521885522,0,25,10,10,9
lactic acid,C3H6O3,CC(O)C(O)=O,1,0,1,1,2,0,1,1,0,0,1,0.5,1,1,90,296.3333333,205.6666667,0.694038245,1.440842787,0,2,2,2,2
epoxypropane,C3H6O,CC1CO1,1,1,1,0,0,1,0,1,0,0,0.3333,0,0,0,58,160.2,114.7,0.715980025,1.39668701,0,1,1,1,1
n-butylacetate,C6H12O2,CCCCCC([O-])=O,2,3,0,1,0,1,1,1,0,0,0.3333,0,1,0,116,194.3,125.7,0.646937725,1.545743835,0,1,1,1,1
camphor,C10H16O,CC1(C)C2CCC1(C)C(=O)C2,3,3,2,3,0,0,1,3,0,0,0.0909,0,1,0.666666667,166,213,156.7,0.735680751,1.359285258,0,5,6,6,4
dibutylphthalat,C16H22O4,CCCCOC(=O)c1ccccc1C(=O)OCCCC,2,6,4,2,0,2,2,6,0,0,0.2857,0,3,2,250,238.15,177.32,0.744572748,1.343052109,0,6,4,4,4
o-cresol,C13H12O,Cc1ccccc1O,0,1,9,3,1,0,0,8,0,0,0.0769,3,2.666666667,3,184,325.6,220.1,0.675982801,1.479327578,0,12,2,2,2
isopropranol,C3H8O,CC(C)O,2,0,1,0,1,0,0,0,0,0,0.3333,0,0,0,60,185.25,119.9,0.647233468,1.545037531,0,1,1,1,1
"1,3-butanediol",C4H10O2,CC(O)CCO,1,2,1,0,2,0,0,0,0,0,0.5,0,0,0,90,262.76,175.5,0.66790988,1.497207977,0,1,1,1,1
"2,3-butanediol",C4H10O2,CC(O)C(C)O,2,0,2,0,2,0,0,0,0,0,0.5,0,0,0,90,291.3,195.1,0.669756265,1.493080472,0,2,2,2,2
m-cresol,C7H8O,Cc1cccc(O)c1,1,0,4,1,1,0,0,4,0,0,0.1667,1,4,4,94,285.195,198.3,0.695313733,1.438199697,0,5,2,2,2
mephenesin,C10H14O3,Cc1ccccc1OCC(O)CO,1,2,5,2,2,1,0,4,0,0,0.3,1,2,2.5,182,340,247,0.726470588,1.376518219,0,7,3,3,3
estradiol-17b-cypionate,C26H36O3,CC12CCC3C(C1CCC2OC(=O)CCC4CCCC4)CCC5=C3C=CC(=C5)O,1,12,8,5,1,1,1,9,0,0,0.1154,5,1.8,1.6,396,425,309,0.727058824,1.375404531,0,13,11,11,10
norethylnodrel,C20H26O2,CC12CCC3C(C1CCC2(C#C)O)CCC4=C3CCC(=O)C4,1,9,4,6,1,0,1,8,0,0,0.1,6,1.333333333,0.666666667,298,453,324,0.715231788,1.398148148,0,10,10,10,8
beta-estradiol-3-benzoate,C25H28O3,CC12CCC3C(C1CCC2O)CCC4=C3C=CC(=C4)OC(=O)C5=CC=CC=C5,1,6,12,6,1,1,1,12,0,0,0.12,6,2,2,376,472,336,0.711864407,1.404761905,0,18,11,11,10
ursodeoxycholic acid,C24H40O4,C[C@H](CCC(O)=O)[C@H]1CC[C@H]2[C@@H]3[C@@H](O)C[C@@H]4C[C@H](O)CC[C@]4(C)[C@H]3CC[C@]12C,3,10,8,3,3,0,1,5,0,0,0.1667,1,1.666666667,2.666666667,392,477,378,0.79245283,1.261904762,0,11,13,13,11
deoxycholic acid,C24H40O4,C[C@H](CCC(O)=O)[C@H]1CC[C@H]2[C@@H]3CC[C@@H]4C[C@H](O)CC[C@]4(C)[C@H]3C[C@H](O)[C@]12C,3,10,8,3,3,0,1,5,0,0,0.1667,1,1.666666667,2.666666667,392,447,377,0.843400447,1.185676393,0,11,13,13,11
cholic acid,C24H40O5,C[C@H](CCC(O)=O)[C@H]1CC[C@H]2[C@@H]3[C@H](O)C[C@@H]4C[C@H](O)CC[C@]4(C)[C@H]3C[C@H](O)[C@]12C,3,9,9,3,4,0,1,5,0,0,0.2083,0.75,1.666666667,3,408,473,393,0.830866808,1.203562341,0,12,14,14,12
lactose,C12H22O11,OCC1OC(OC2C(O)C(O)C(O)OC2CO)C(O)C(O)C1O,0,2,10,0,8,3,0,2,0,0,0.9167,0,0,0,342,494.3333333,382.8833333,0.774544842,1.291080834,0,10,10,10,10
diethylhexylphthalat,C24H38O4,CCCCCCc1c(CC)c(CC)cc(C([O-])=O)c1C([O-])=O,4,10,6,4,0,2,2,6,0,0,0.1667,0,1.5,1.5,390,218.15,184,0.843456337,1.185597826,0,10,7,7,7
cholecalciterol,C27H44O,CC(C)CCCC(C)C1CCC2C1(CCCC2=CC=C3CC(CCC3=C)O)C,4,12,7,4,1,0,0,6,0,0,0.037,4,1.5,1.75,384,352,296,0.840909091,1.189189189,0,11,10,10,9
diethylstilbestrol,C18H20O2,CC\C(c1ccc(O)cc1)=C(CC)/c2ccc(O)cc2,2,2,8,6,2,0,0,9,0,0,0.1111,3,1.5,1.333333333,268,439,308,0.701594533,1.425324675,0,14,6,6,6
dehydrocholic acid,C24H34O5,C[C@H](CCC(O)=O)[C@H]1CC[C@H]2[C@H]3[C@H](CC(=O)[C@]12C)[C@@]4(C)CCC(=O)C[C@H]4CC3=O,3,9,6,6,1,0,4,8,0,0,0.2083,6,1.333333333,1,402,502,348,0.693227092,1.442528736,0,12,14,14,12
cellobiose,C12H22O11,OCC1OC(OC2C(O)C(O)C(O)OC2CO)C(O)C(O)C1O,0,2,10,0,8,3,0,2,0,0,0.9167,0,0,0,342,507.4333333,367.7666667,0.724758589,1.379769781,0,10,10,10,10
17b-estradiol,C18H24O2,CC12CCC3C(C1CCC2O)CCC4=C3C=CC(=C4)O,1,6,7,4,2,0,0,7,0,0,0.1111,2,1.75,1.75,272,445,354,0.795505618,1.257062147,0,11,9,9,8
aspirin,C9H8O4,CC(=O)OC1=CC=CC=C1C(=O)O,1,0,4,4,1,1,1,6,0,0,0.3333,4,1.5,1,164,408,243,0.595588235,1.679012346,0,8,4,4,4
methyltestosterone,C20H30O2,CC12CCC(=O)C=C1CCC3C2CCC4(C3CCC4(C)O)C,3,8,4,5,1,0,1,6,0,0,0.1,5,1.2,0.8,302,421,270,0.641330166,1.559259259,0,9,11,11,8
progesterone,C21H30O2,CC(=O)C1CCC2C1(CCC3C2CCC4=CC(=O)CCC34C)C,3,8,5,5,0,0,2,7,0,0,0.0952,0,1.4,1,314,399,279,0.69924812,1.430107527,0,10,11,11,9
citric acid,C6H8O7,OC(=O)CC(O)(C(=O)O)CC(=O)O,0,2,0,4,4,0,3,3,0,0,1.1667,1,0.75,0,192,427,283.5083333,0.663953942,1.506128568,0,4,5,5,4
ergocalciferol,C28H44O,CC(C)C(C)C=CC(C)C1CCC2C1(CCCC2=CC=C3CC(CCC3=C)O)C,5,9,10,4,1,0,0,7,0,0,0.0357,4,1.75,2.5,396,376,290,0.771276596,1.296551724,0,14,11,11,10
n-nonanol,C9H20O,CCCCCCCCCO,1,8,0,0,1,0,0,0,0,0,0.1111,0,0,0,144,268.15,153,0.57057617,1.752614379,0,0,0,0,0
2-pentanol,C5H12O,CCCC(C)O,2,2,1,0,1,0,0,0,0,0,0.2,0,0,0,88,200.15,140,0.699475393,1.429642857,0,1,1,1,1
3-pentanol,C5H12O,CCCCCO,2,2,1,0,1,0,0,0,0,0,0.2,0,0,0,88,204.15,143,0.700465344,1.427622378,0,1,0,0,0
2-octanol,C8H18O,CCCCCCCCO,2,5,1,0,1,0,0,0,0,0,0.125,0,0,0,130,241.55,166,0.687228317,1.455120482,0,1,0,0,0
4-hetpanol,C7H16O,CCCC(CCC)O,2,4,1,0,1,0,0,0,0,0,0.1429,0,0,0,116,231.95,166,0.715671481,1.397289157,0,1,1,1,1
4-decanol,C10H22O,CCCCCCC(CCC)O,2,7,1,0,1,0,0,0,0,0,0.1,0,0,0,158,262.15,181,0.690444402,1.448342541,0,1,1,1,1
3-methyl-4-octanol,C9H20O,CCCCC(C)C(CC)O,3,4,2,0,1,0,0,0,0,0,0.1111,0,0,0,144,221.51,180,0.812604397,1.230611111,0,2,2,2,2
2-methyl-2-propanol,C4H10O,CC(C)CO,3,1,0,1,1,0,0,0,0,0,0.2,1,0,0,88,299.9466667,172.6666667,0.575657895,1.737142857,0,1,1,1,1
2-methyl-2-propanol,C4H10O,CC(C)(C)O,3,0,0,1,1,0,0,0,0,0,0.25,1,0,0,74,299.9466667,172.6666667,0.575657895,1.737142857,0,1,2,2,1
2-methyl-2-butanol,C5H12O,CCC(C)(C)O,3,1,0,1,1,0,0,0,0,0,0.2,1,0,0,88,264.05,154,0.583222874,1.71461039,0,1,2,2,1
2-methyl-2-heptanol,C8H18O,CCCCCC(C)(C)O,3,4,0,1,1,0,0,0,0,0,0.125,1,0,0,130,222.75,178,0.799102132,1.251404494,0,1,2,2,1
4-methyl-4-heptanol,C8H18O,CCCC(C)(CCC)O,3,4,0,1,1,0,0,0,0,0,0.125,1,0,0,130,191.15,170,0.889353911,1.124411765,0,1,2,2,1
6-methyl-3-heptanol,C8H18O,CCC(CCC(C)C)O,3,3,2,0,1,0,0,0,0,0,0.125,0,0,0,130,213.15,159,0.745953554,1.340566038,0,2,2,2,2
3-methyl-3-heptanol,C8H18O,CCCCC(C)(CC)O,3,4,0,1,1,0,0,0,0,0,0.125,1,0,0,130,190.15,151,0.794109913,1.259271523,0,1,2,2,1
6-methyl-1-heptanol,C8H18O,CC(C)CCCCCO,2,5,1,0,1,0,0,0,0,0,0.125,0,0,0,130,167.15,140,0.837571044,1.193928571,0,1,1,1,1
diethylether,C4H10O,CCOCC,2,2,0,0,0,1,0,0,0,0,0.25,0,0,0,74,156.95,92.55,0.589678241,1.695840086,0,0,0,0,0
diisopropylether,C6H14O,CC(C)OC(C)C,4,0,2,0,0,1,0,0,0,0,0.1667,0,0,0,102,187.75,101.35,0.539813582,1.852491367,0,2,2,2,2
acetone,C3H6O,CC(=O)C,2,0,0,1,0,0,1,1,0,0,0.3333,0,1,0,58,178.45,100.15,0.561221631,1.781827259,0,1,1,1,1
methylethylketone,C4H8O,CCC(=O)C,2,1,0,1,0,0,1,1,0,0,0.25,0,1,0,72,186.51,111,0.595142352,1.68027027,0,1,1,1,1
methylisobutylketone,C6H12O,CC(C)CC(=O)C,3,1,0,1,0,0,1,1,0,0,0.2,0,1,0,86,189.15,119.85,0.633624108,1.578222778,0,1,2,2,2
ethyl acetate,C4H8O2,CCOC(=O)C,2,1,0,1,0,1,1,1,0,0,0.5,0,1,0,88,189.375,116.825,0.61689769,1.621014338,0,1,1,1,1
benzaldehyde,C7H6O,C1=CC=C(C=C1)C=O,0,0,6,1,0,0,1,5,0,0,0.1429,0,5,6,106,216.05,149,0.689655172,1.45,0,7,1,1,1
acetophenone,C8H8O,CC(=O)C1=CC=CC=C1,1,0,5,2,0,0,1,5,0,0,0.125,0,2.5,2.5,120,293.65,161,0.548271752,1.823913043,0,7,2,2,2
"1,3,5-trinaphthylbenzene",C36H24,CC1=CC(=CC(=C1)C)C,0,0,24,12,0,0,0,25,0,0,0,0,2.083333333,2,456,472,342,0.724576271,1.380116959,0,36,3,3,3
decalin,C10H18,C1CCC2CCCCC2C1,0,8,2,0,0,0,0,2,0,0,0,0,0,0,138,233.15,137.4,0.58932018,1.696870451,0,2,2,2,2
3-methoxy-1-butanol,C5H12O2,CC(CCO)OC,2,2,1,0,1,1,0,0,0,0,0.4,0,0,0,104,214,146.1,0.68271028,1.464750171,0,1,1,1,1
"2,4-pentanediol",C5H12O2,CC(CC(C)O)O,2,1,2,0,2,0,0,0,0,0,0.4,0,0,0,104,318.15,205.9,0.647179004,1.545167557,0,2,2,2,2
2-methyl-1-butanol,C5H12O,CCC(C)CO,2,2,1,0,1,0,0,0,0,0,0.2,0,0,0,88,175.5,127.3,0.725356125,1.37863315,0,1,1,1,1
2-ethyl-1-butanol,C6H14O,CCC(CC)CO,2,3,1,0,1,0,0,0,0,0,0.1667,0,0,0,102,221.15,131,0.592358128,1.688167939,0,1,1,1,1
3-methyl-2-pentanol,C6H14O,CCC(C)C(C)O,3,1,2,0,1,0,0,0,0,0,0.1667,0,0,0,102,206.5,150.9,0.730750605,1.368455931,0,2,2,2,2
4-methyl-2-pentanol,C6H14O,CC(C)CC(C)O,3,1,2,0,1,0,0,0,0,0,0.1667,0,0,0,102,183.15,157.1,0.857766858,1.16581795,0,2,2,2,2
5-methyl-2-hexanol,C7H16O,CC(C)CCC(C)O,3,2,2,0,1,0,0,0,0,0,0.1429,0,0,0,116,199,152.1,0.764321608,1.30834977,0,2,2,2,2
3-methyl-4-hexanol,C7H16O,CCC(C)C(CC)O,3,2,2,0,1,0,0,0,0,0,0.1429,0,0,0,116,199,163,0.819095477,1.220858896,0,2,2,2,2
4-methyl-3-heptanol,C8H18O,CCCC(C)C(CC)O,3,3,2,0,1,0,0,0,0,0,0.125,0,0,0,130,180.575,161.8,0.896026582,1.116038319,0,2,2,2,2
3-methyl-4-heptanol,C8H18O,CCCC(C(C)CC)O,3,3,2,0,1,0,0,0,0,0,0.125,0,0,0,130,212,173,0.816037736,1.225433526,0,2,2,2,2
6-methyl-2-heptanol,C8H18O,CC(C)CCCC(C)O,3,3,2,0,1,0,0,0,0,0,0.125,0,0,0,130,188,159,0.845744681,1.182389937,0,2,2,2,2
4-methyl-1-heptanol,C8H18O,CCCC(C)CCCO,2,5,1,0,1,0,0,0,0,0,0.125,0,0,0,130,212,138,0.650943396,1.536231884,0,1,1,1,1
2-methyl-1-heptanol,C8H18O,CCCCCC(C)CO,2,5,1,0,1,0,0,0,0,0,0.125,0,0,0,130,161.15,151,0.937015203,1.067218543,0,1,1,1,1
2-methyl-3-heptanol,C8H18O,CCCCC(C(C)C)O,3,3,2,0,1,0,0,0,0,0,0.125,0,0,0,130,188.15,158,0.839755514,1.190822785,0,2,2,2,2
3-methylpentane,C6H14,CCC(C)CC,3,2,1,0,0,0,0,0,0,0,0,0,0,0,86,110.25,80.66666667,0.731670446,1.366735537,0,1,1,1,1
isopropylbenzene,C9H12,CC(C)C1=CC=CC=C1,2,0,6,1,0,0,0,4,0,0,0,0,4,6,120,177.078,125.86,0.71076023,1.406944224,0,7,2,2,2
diisobutylphthalat,C16H22O4,CC(C)COC(=O)C1=CC=CC=C1C(=O)OCC(C)C,4,2,6,4,0,2,1,6,0,0,0.1875,0,1.5,1.5,262,209.15,189.55,0.906287354,1.103402796,0,10,6,6,6
"1,4-pentanediol",C5H12O2,CC(CCCO)O,1,3,1,0,2,0,0,0,0,0,0.4,0,0,0,104,253,175.8,0.69486166,1.439135381,0,1,1,1,1
"1,2-pentanediol",C5H12O2,CCCC(CO)O,1,3,1,0,2,0,0,0,0,0,0.4,0,0,0,104,253,181,0.71541502,1.397790055,0,1,1,1,1
"1,5-hexanediol",C6H14O2,CC(CCCCO)O,1,4,1,0,2,0,0,0,0,0,0.3333,0,0,0,118,264,179.4,0.679545455,1.471571906,0,1,1,1,1
iso-eugenol,C10H12O2,CC=CC1=CC(=C(C=C1)O)OC,2,0,5,3,1,1,0,5,0,0,0.2,3,1.666666667,1.666666667,164,294.15,220.1,0.748257692,1.336437983,0,8,3,3,3
2-methyltetrahydrofuran,C5H10O,CC1CCCO1,1,3,1,0,0,1,0,1,0,0,0.2,0,0,0,86,137,91,0.664233577,1.505494505,0,1,1,1,1
menthol,C10H20O,CC1CCC(C(C1)O)C(C)C,3,3,4,0,1,0,0,1,0,0,0.1,0,0,0,156,389,306,0.786632391,1.27124183,0,4,4,4,4
n-butylbenzene,C10H14,CCCCC1=CC=CC=C1,1,3,5,1,0,0,0,4,0,0,0,0,4,5,134,185.15,124.5,0.672427761,1.487148594,0,6,1,1,1
cyclohexanol,C6H12O,C1CCC(CC1)O,0,5,1,0,1,0,0,1,0,0,0.1667,0,0,0,100,173,150.5,0.869942197,1.149501661,0,1,1,1,1
cycloheptanol,C7H14O,C1CCCC(CC1)O,0,6,1,0,1,0,0,1,0,0,0.1429,0,0,0,114,280,140,0.5,2,0,1,1,1,1
cycloheptane,C7H14,C1CCCCCC1,0,7,0,0,0,0,0,1,0,0,0,0,0,0,98,265,83,0.313207547,3.192771084,0,0,0,0,0
"2,3-dimethylbutane",C6H14,CC(C)C(C)C,4,0,2,0,0,0,0,0,0,0,0,0,0,0,86,145,76,0.524137931,1.907894737,0,2,2,2,2
1-phenyl-1-propanol,C9H12O,CCC(C1=CC=CC=C1)O,1,1,6,1,1,0,0,4,0,0,0.1111,1,4,6,136,263.43,195.9,0.743651065,1.344716692,0,7,2,2,2
"1,2-butanediol",C4H10O2,CCC(CO)O,1,2,1,0,2,0,0,0,0,0,0.5,0,0,0,90,241,178.9,0.742323651,1.347121297,0,1,1,1,1
chenodeoxycholic acid,C24H40O4,CC(CCC(=O)O)C1CCC2C1(CCC3C2C(CC4C3(CCC(C4)O)C)O)C,3,10,8,3,3,0,1,5,0,0,0.1667,1,1.666666667,2.666666667,392,436,371,0.850917431,1.175202156,0,11,13,13,11
cis-2-heptene,C7H14,CCCCC=CC,2,3,2,0,0,0,0,1,0,0,0,0,0,0,98,164.15,93,0.56655498,1.765053763,0,2,0,0,0
2-methyl-1-pentanol,C6H14O,CCCC(C)CO,2,3,1,0,1,0,0,0,0,0,0.1667,0,0,0,102,203,143,0.704433498,1.41958042,0,1,1,1,1
"2,2-dimethyl-1-butanol",C6H14O,CCC(C)(C)CO,3,2,0,1,1,0,0,0,0,0,0.1667,1,0,0,102,258.15,158,0.612047259,1.633860759,0,1,2,2,1
"2,2-dimethyl-1-pentanol",C7H16O,CCCC(C)(C)CO,3,3,0,1,1,0,0,0,0,0,0.1429,1,0,0,116,243,166,0.683127572,1.463855422,0,1,2,2,1
"2,2-dimethyl-1-hexanol",C8H18O,CCCCC(C)(C)CO,3,4,0,1,1,0,0,0,0,0,0.125,1,0,0,130,243,173,0.711934156,1.404624277,0,1,2,2,1
2-hexanol,C6H14O,CCCCC(C)O,2,3,1,0,1,0,0,0,0,0,0.1667,0,0,0,102,253.15,148,0.584633616,1.710472973,0,1,1,1,1
3-hexanol,C6H14O,CCCC(CC)O,2,3,1,0,1,0,0,0,0,0,0.1667,0,0,0,102,279,153,0.548387097,1.823529412,0,1,1,1,1
3-heptanol,C7H16O,CCCCC(CC)O,2,4,1,0,1,0,0,0,0,0,0.1429,0,0,0,116,203.15,158,0.777750431,1.285759494,0,1,1,1,1
2-heptanol,C7H16O,CCCCCC(C)O,2,4,1,0,1,0,0,0,0,0,0.1429,0,0,0,116,214,155,0.724299065,1.380645161,0,1,1,1,1
4-nonanol,C9H20O,CCCCCC(CCC)O,2,6,1,0,1,0,0,0,0,0,0.1111,0,0,0,144,237,175,0.738396624,1.354285714,0,1,1,1,1
3-methyl-4-nonanol,C10H22O,CCCCCC(C(C)CC)O,3,5,2,0,1,0,0,0,0,0,0.1,0,0,0,158,265.7,186,0.700037636,1.428494624,0,2,2,2,2
2-methyl-2-pentanol,C6H14O,CCCC(C)(C)O,3,2,0,1,1,0,0,0,0,0,0.1667,1,0,0,102,170.15,163,0.957978254,1.043865031,0,1,2,2,1
2-methyl-2-hexanol,C7H16O,CCCCC(C)(C)O,3,3,0,1,1,0,0,0,0,0,0.1429,1,0,0,116,243,173,0.711934156,1.404624277,0,1,2,2,1
4-methy-4-octanol,C9H20O,CCCCC(C)(CCC)O,3,5,0,1,1,0,0,0,0,0,0.1111,1,0,0,144,254.43,178,0.699603034,1.429382022,0,1,2,2,1
4-methyl-4-nonanol,C10H22O,CCCCCC(C)(CCC)O,3,6,0,1,1,0,0,0,0,0,0.1,1,0,0,158,272,185,0.680147059,1.47027027,0,1,2,2,1
4-methyl-undecane,C12H26,CCCCCCCC(C)CCC,3,8,1,0,0,0,0,0,0,0,0,0,0,0,170,206.5,135,0.653753027,1.52962963,0,1,1,1,1
n-butanol,C4H10O,CCCCO,1,3,0,0,1,0,0,0,0,0,0.25,0,0,0,74,184.1166667,113.8633333,0.618430343,1.616996985,0,0,0,0,0
xylose,C5H10O5,C1C(C(C(C(O1)O)O)O)O,0,1,3,1,5,0,1,1,0,0,1.2,0.2,1,3,166,423.3333333,282.6666667,0.667716536,1.497641509,0,4,4,4,4
fructose,C6H12O6,C1C(C(C(C(O1)(CO)O)O)O)O,0,2,3,1,5,1,0,1,0,0,1,0.2,1,3,180,373.63,280.8,0.751545647,1.330591168,0,4,5,5,4
n-heptanol,C7H16O,CCCCCCCO,1,6,0,0,1,0,0,0,0,0,0.1429,0,0,0,116,240,141.15,0.588125,1.70031881,0,0,0,0,0
n-octanol,C8H18O,CCCCCCCCO,1,7,0,0,1,0,0,0,0,0,0.125,0,0,0,130,258.35,149.85,0.580027095,1.724057391,0,0,0,0,0
3-methyl-1-butanol,C5H12O,CC(C)CCO,2,2,1,0,1,0,0,0,0,0,0.2,0,0,0,88,155.95,123.2,0.789996794,1.265827922,0,1,1,1,1
"1,2,4-butanetriol",C4H10O3,C(CO)C(CO)O,0,3,1,0,3,0,0,0,0,0,0.75,0,0,0,106,253.15,200.7,0.792810587,1.261335326,0,1,1,1,1
benzene,C6H6,C1=CC=CC=C1,0,0,6,0,0,0,0,4,0,0,0,0,0,0,78,279.15,118,0.422711804,2.365677966,0,6,0,0,0
"2,4,6-trimethylheptane",C10H22,CC(C)CC(C)CC(C)C,5,2,3,0,0,0,0,0,0,0,0,0,0,0,142,219.16,126,0.574922431,1.739365079,0,3,3,3,3
santonin,C15H18O3,CC1C2CCC3(C=CC(=O)C(=C3C2OC1=O)C)C,3,2,5,5,0,1,2,7,0,0,0.2,0,1.4,1,246,434,290,0.668202765,1.496551724,0,10,9,9,8
maltotetraose,C24H42O21,C(C1C(C(C(C(O1)OC2C(OC(C(C2O)O)OC3C(OC(C(C3O)O)OC(C(CO)O)C(C(C=O)O)O)CO)CO)O)O)O)O,0,4,20,0,14,7,0,4,0,0,0.875,0,0,0,666,484,411,0.849173554,1.177615572,0,20,19,19,19
malic acid,C4H6O5,C(C(C(=O)O)O)C(=O)O,0,1,1,2,3,0,2,2,0,0,1.25,0.666666667,1,0.5,134,405,255,0.62962963,1.588235294,0,3,3,3,3
pinonic acid,C10H16O3,CC(=O)CCCCCC=CC(=O)O,3,2,2,3,1,0,2,3,0,0,0.3,3,1,0.666666667,184,376.68,265,0.70351492,1.421433962,0,5,2,2,2
"2-methylbutane-1,2,3,4-tetraol",C5H12O4,COC(OC)(OC)OC,1,2,1,1,4,0,0,0,0,0,0.8,0.25,0,1,136,363,241.5,0.665289256,1.50310559,0,2,2,2,1
"1,2-isopooh",C5H10O3,CCC(CC(=O)O)O,1,2,1,1,2,1,0,1,0,0,0.6,0.5,1,1,118,220,142,0.645454545,1.549295775,0,2,2,2,2
trans-beta-iepox,C5H10O3,CCC(CC(=O)O)O,1,2,1,1,2,1,0,1,0,0,0.6,0.5,1,1,118,220,167.14,0.759727273,1.316261816,0,2,2,2,2
pinic acid,C9H14O4,CC1(C(CC1C(=O)O)CC(=O)O)C,2,2,2,3,2,0,2,3,0,0,0.4444,1.5,1,0.666666667,186,364.32,268.1,0.735891524,1.358895934,0,5,6,6,5
"2,4-dimethyl-3-pentanol",C7H16O,CCCCCCCO,4,0,3,0,1,0,0,0,0,0,0.1429,0,0,0,116,203.15,193,0.950036919,1.052590674,0,3,0,0,0
erythritol,C4H10O4,C(C(C(CO)O)O)O,0,2,2,0,4,0,0,0,0,0,1,0,0,0,122,394,229.65,0.58286802,1.715654256,0,2,2,2,2
"2-ethyl-1,3-hexanediol",C816O2,CCCC(C(CC)CO)O,2,4,2,0,2,0,0,0,0,0,0.25,0,0,0,146,272,208.9,0.768014706,1.302058401,0,2,2,2,2
"1,2,7-heptanetriol",C7H16O3,CCOCC(COCC)O,0,6,1,0,3,0,0,0,0,0,0.4286,0,0,0,148,336,200.3,0.596130952,1.677483774,0,1,1,1,1
"1,2,6-hexanetriol",C6H14O3,COCCOCCOC,0,5,1,0,3,0,0,0,0,0,0.5,0,0,0,134,300,204.15,0.6805,1.469507715,0,1,0,0,0
mannitol,C6H14O6,C(C(C(C(C(CO)O)O)O)O)O,0,2,4,0,6,0,0,0,0,0,1,0,0,0,182,437,282.95,0.647482838,1.544442481,0,4,4,4,4
"2-methyl-1,3-propanediol",C4H10O2,CCC(CO)O,1,2,1,0,2,0,0,0,0,0,0.5,0,0,0,90,242,167,0.690082645,1.449101796,0,1,1,1,1
3-methyl-2-butanol,C5H12O,CCCCCO,3,0,2,0,1,0,0,0,0,0,0.2,0,0,0,88,222,154,0.693693694,1.441558442,0,2,0,0,0
"3-methyl-1,3,5-pentanetriol",C6H14O3,COCCOCCOC,1,4,0,1,3,0,0,0,0,0,0.5,0.333333333,0,0,134,342,205.7,0.601461988,1.662615459,0,1,0,0,0
"1,3-propanediol",C3H8O2,OCCCO,0,3,0,0,2,0,0,0,0,0,0.6667,0,0,0,76,246.5,147.5,0.598377282,1.671186441,0,0,0,0,0
arabitol,C5H12O5,OCC(O)C(O)C(O)CO,0,2,3,0,5,0,0,0,0,0,1,0,0,0,152,375,261,0.696,1.436781609,0,3,3,3,3
ribitol,C5H12O5,OC[C@@H](O)[C@@H](O)[C@@H](O)CO,0,2,3,0,5,0,0,0,0,0,1,0,0,0,152,369,252,0.682926829,1.464285714,0,3,3,3,3
threitol,C4H10O4,OC[C@@H](O)[C@H](O)CO,0,2,2,0,4,0,0,0,0,0,1,0,0,0,122,363,226.3,0.623415978,1.6040654,0,2,2,2,2
altrose,C6H12O6,OC[C@@H](O)[C@@H](O)[C@@H](O)[C@H](O)C=O,0,1,4,1,5,0,1,1,0,0,1,0.2,1,4,180,377,283.5,0.75198939,1.329805996,0,5,4,4,4
arabinose,C5H10O5,OC[C@@H](O)[C@@H](O)[C@H](O)C=O,0,1,3,1,4,0,1,1,0,0,1,0.25,1,3,150,433,274,0.632794457,1.580291971,0,4,3,3,3
galactose,C6H12O6,OC[C@@H](O)[C@H](O)[C@H](O)[C@@H](O)C=O,0,1,4,1,5,0,1,1,0,0,1,0.2,1,4,180,439,304,0.692482916,1.444078947,0,5,4,4,4
gentiobiose,C12H22O11,OC[C@H]1O[C@@H](OC[C@H]2O[C@@H](O)[C@H](O)[C@@H](O)[C@@H]2O)[C@H](O)[C@@H](O)[C@@H]1O,0,2,10,0,8,3,0,2,0,0,0.9167,0,0,0,342,482,366.5,0.760373444,1.315143247,0,10,10,10,10
isomalt,C12H24O11,OCC(O)[C@@H](O)[C@H](O)[C@H](O)CO[C@H]1O[C@H](CO)[C@@H](O)[C@H](O)[C@H]1O,0,3,9,0,9,2,0,1,0,0,0.9167,0,0,0,344,420.75,307,0.729649436,1.370521173,0,9,9,9,9
isomaltose,C12H22O11,OC[C@H]1O[C@H](OC[C@H]2OC(O)[C@H](O)[C@@H](O)[C@@H]2O)[C@H](O)[C@@H](O)[C@@H]1O,0,2,10,0,8,3,0,2,0,0,0.9167,0,0,0,342,498.15,351,0.704607046,1.419230769,0,10,10,10,10
isomaltulose,C12H22O11,OC[C@H]1O[C@H](OC[C@@H](O)[C@@H](O)[C@H](O)C(=O)CO)[C@H](O)[C@@H](O)[C@@H]1O,0,3,8,1,8,3,0,2,0,0,0.9167,0.125,2,8,342,396.15,342.1,0.863561782,1.157994738,0,9,9,9,9
kojibiose,C12H22O11,OC[C@@H](O)[C@@H](O)[C@H](O)[C@@H](O[C@H]1O[C@H](CO)[C@@H](O)[C@H](O)[C@H]1O)C=O,0,2,10,0,8,2,1,2,0,0,0.9167,0,0,0,342,461,359,0.778741866,1.284122563,0,10,9,9,9
lactulose,C12H22O11,OC[C@H]1O[C@@H](O[C@@H]2[C@@H](CO)O[C@](O)(CO)[C@H]2O)[C@H](O)[C@@H](O)[C@H]1O,0,3,8,1,8,3,0,2,0,0,0.9167,0.125,2,8,342,442,367.4,0.831221719,1.203048449,0,9,10,10,9
leucrose,C12H22O11,OC[C@H]1O[C@H](O[C@H](CO)[C@@H](O)[C@H](O)C(=O)CO)[C@H](O)[C@@H](O)[C@@H]1O,0,3,8,1,8,2,1,2,0,0,0.9167,0.125,2,8,342,435,362.7,0.833793103,1.199338296,0,9,9,9,9
levoglucosan,C6H10O5,OC1C(O)C2COC(O2)C1O,0,1,5,0,3,2,0,2,0,0,0.8333,0,0,0,162,456,248.4,0.544736842,1.835748792,0,5,5,5,5
lyxose,C5H10O5,OC[C@@H](O)[C@H](O)[C@H](O)C=O,0,1,3,1,4,0,1,1,0,0,1,0.25,1,3,150,383.15,277.1,0.723215451,1.382713822,0,4,3,3,3
maltoheptaose,C42H72O36,OC[C@H]1O[C@H](OC[C@H]2OC(O[C@H]3O[C@H](CO)[C@@H](O)[C@H](O)[C@H]3O[C@H]4O[C@H](CO)[C@@H](O)[C@H](O)[C@H]4O)[C@H](O[C@H]5O[C@H](CO)[C@@H](O)[C@H](O)[C@H]5O)[C@@H](O[C@H]6O[C@H](CO)[C@@H](O)[C@H](O)[C@H]6O)[C@@H]2O[C@H]7O[C@H](CO)[C@@H](O)[C@H](O)[C@H]7O)[C@H](O)[C@@H](O)[C@@H]1O,0,7,35,0,23,13,0,7,0,0,0.8571,0,0,0,1152,435,423,0.972413793,1.028368794,0,35,35,35,35
maltohexaose,C36H62O31,OC[C@H]1O[C@H](O[C@H]2[C@H](O)[C@@H](O)[C@H](O[C@@H]2CO)O[C@H]3[C@H](O)[C@@H](O)[C@H](O[C@@H]3CO)O[C@H]4[C@H](O)[C@@H](O)[C@H](O[C@@H]4CO)O[C@H]5[C@H](O)[C@@H](O)[C@H](O[C@@H]5CO)O[C@H]6[C@H](O)[C@@H](O)C(O)O[C@@H]6CO)[C@H](O)[C@@H](O)[C@@H]1O,0,6,30,0,20,11,0,6,0,0,0.8611,0,0,0,990,479.15,433,0.903683606,1.106581986,0,30,30,30,30
maltopentaose,C30H52O26,OC[C@H]1O[C@H](O[C@H]2[C@H](O)[C@@H](O)[C@H](O[C@@H]2CO)O[C@H]3[C@H](O)[C@@H](O)[C@H](O[C@@H]3CO)O[C@H]4[C@H](O)[C@@H](O)[C@H](O[C@@H]4CO)O[C@H]5[C@H](O)[C@@H](O)[C@@H](O)O[C@@H]5CO)[C@H](O)[C@@H](O)[C@@H]1O,0,5,25,0,17,9,0,5,0,0,0.8667,0,0,0,828,441.15,426.5,0.966791341,1.034349355,0,25,25,25,25
maltose,C12H22O11,OCC1OC(OC2C(O)C(O)C(O)OC2CO)C(O)C(O)C1O,0,2,10,0,8,3,0,2,0,0,0.9167,0,0,0,342,436,366.4,0.840366972,1.189956332,0,10,10,10,10
maltotriose,C18H32O16,OCC1OC(OC2C(O)C(O)C(OC2CO)OC3C(O)C(O)C(O)OC3CO)C(O)C(O)C1O,0,3,15,0,11,5,0,3,0,0,0.8889,0,0,0,504,407,395,0.970515971,1.030379747,0,15,15,15,15
mannose,C6H12O6,OC[C@@H](O)[C@@H](O)[C@H](O)[C@H](O)C=O,0,1,4,1,5,0,1,1,0,0,1,0.2,1,4,180,405.15,303.5,0.74910527,1.334925865,0,5,4,4,4
mannobiose,C12H22O11,OC[C@H]1O[C@@H](O[C@H]2[C@H](O)[C@H](O)[C@H](O)O[C@@H]2CO)[C@@H](O)[C@@H](O)[C@@H]1O,0,2,10,0,8,3,0,2,0,0,0.9167,0,0,0,342,476.65,363,0.76156509,1.313085399,0,10,10,10,10
melibiose,C12H22O11,OCC1OC(OCC2OC(O)C(O)C(O)C2O)C(O)C(O)C1O,0,2,10,0,8,3,0,2,0,0,0.9167,0,0,0,342,457,366.8333333,0.80269876,1.245797365,0,10,10,10,10
nigerose,C12H22O11,OC[C@H]1O[C@H](O[C@@H]2[C@@H](O)C(O)O[C@H](CO)[C@H]2O)[C@H](O)[C@@H](O)[C@@H]1O,0,2,10,0,8,3,0,2,0,0,0.9167,0,0,0,342,429,362,0.843822844,1.185082873,0,10,10,10,10
nystose,C24H42O21,OC[C@H]1O[C@H](O[C@]2(CO[C@]3(CO[C@]4(CO)O[C@H](CO)[C@@H](O)[C@@H]4O)O[C@H](CO)[C@@H](O)[C@@H]3O)O[C@H](CO)[C@@H](O)[C@@H]2O)[C@H](O)[C@@H](O)[C@@H]1O,0,7,14,3,14,7,0,4,0,0,0.875,0.214285714,1.333333333,4.666666667,666,405,350,0.864197531,1.157142857,0,17,20,20,17
raffinose,C18H32O16,OC[C@H]1O[C@H](OC[C@H]2O[C@H](O[C@]3(CO)O[C@H](CO)[C@@H](O)[C@@H]3O)[C@H](O)[C@@H](O)[C@@H]2O)[C@H](O)[C@@H](O)[C@H]1O,0,4,13,1,11,5,0,3,0,0,0.8889,0.090909091,3,13,504,416,381.7142857,0.917582418,1.089820359,0,14,15,15,14
rhamnose,C6H12O5,C[C@H](O)[C@H](O)[C@@H](O)[C@@H](O)C=O,1,0,4,1,4,0,1,1,0,0,0.8333,0.25,1,4,164,355,283,0.797183099,1.254416961,0,5,4,4,4
fucose,C6H12O5,C[C@H](O)[C@@H](O)[C@@H](O)[C@H](O)C=O,1,0,4,1,4,0,1,1,0,0,0.8333,0.25,1,4,164,413,299,0.723970944,1.381270903,0,5,4,4,4
sorbose,C6H12O6,OC[C@@H](O)[C@H](O)[C@@H](O)C(=O)CO,0,2,3,1,5,0,1,1,0,0,1,0.2,1,3,180,436,292,0.669724771,1.493150685,0,4,4,4,4
stachyose,C24H42O21,OC[C@H]1O[C@H](OC[C@H]2O[C@H](OC[C@H]3O[C@H](O[C@]4(CO)O[C@H](CO)[C@@H](O)[C@@H]4O)[C@H](O)[C@@H](O)[C@@H]3O)[C@H](O)[C@@H](O)[C@H]2O)[C@H](O)[C@@H](O)[C@H]1O,0,5,18,1,14,7,0,4,0,0,0.875,0.071428571,4,18,666,441,396,0.897959184,1.113636364,0,19,20,20,19
talose,C6H12O6,OC[C@@H](O)[C@H](O)[C@H](O)[C@H](O)C=O,0,1,4,1,5,0,1,1,0,0,1,0.2,1,4,180,407,284.7,0.6995086,1.429574991,0,5,4,4,4
turanose,C12H22O11,OCC(O)C(O)C(OC1OC(CO)C(O)C(O)C1O)C(=O)CO,0,3,8,1,8,2,1,2,0,0,0.9167,0.125,2,8,342,441,343.2,0.778231293,1.284965035,0,9,9,9,9
"3-methyl-1,2,3-butanetricarboxylic acid",C8H12O6,CC(C)(C(CC(O)=O)C(O)=O)C(O)=O,2,1,1,4,3,0,3,3,0,0,0.75,1.333333333,0.75,0.25,204,416.15,305,0.732908807,1.36442623,0,5,6,6,5
cyclooctanol,C8H16O,OC1CCCCCCC1,0,7,1,0,1,0,0,1,0,0,0.125,0,0,0,128,293,168,0.57337884,1.744047619,0,1,1,1,1
"1,2-dimethylcyclohexane",C8H16,CC1CCCCC1C,2,4,2,0,0,0,0,1,0,0,0,0,0,0,112,201,97,0.482587065,2.072164948,0,2,2,2,2
2-methylbutane,C5H12,CCC(C)C,3,1,1,0,0,0,0,0,0,0,0,0,0,0,72,113,76,0.672566372,1.486842105,0,1,1,1,1
4-methylcyclohexen,C7H12,CC1CCC=CC1,1,3,3,0,0,0,0,2,0,0,0,0,0,0,96,158,94,0.594936709,1.680851064,0,3,1,1,1
acetaldehyd,C2H4O,CC=O,1,0,0,1,0,0,1,1,0,0,0.5,0,1,0,44,149,82,0.55033557,1.817073171,0,1,0,0,0
butyronitrile,C4H7N,CCCC#N,1,2,0,1,0,0,0,2,1,0,0,0,2,0,69,161.25,97,0.601550388,1.662371134,0,1,0,0,0
4-cyanoaniline,C7H6N2,Nc1ccc(cc1)C#N,0,0,4,3,0,0,0,6,2,0,0,0,2,1.333333333,118,465,314,0.675268817,1.48089172,0,7,2,2,2
1-naphthylamine,C10H9N,Nc1cccc2ccccc12,0,0,7,3,0,0,0,7,1,0,0,0,2.333333333,2.333333333,143,500,306,0.612,1.633986928,0,10,3,3,3
2-naphthylamine,C10H9N,Nc1ccc2ccccc2c1,0,0,7,3,0,0,0,7,1,0,0,0,2.333333333,2.333333333,143,458,304,0.663755459,1.506578947,0,10,3,3,3
m-toluidine,C7H9N,Cc1cccc(N)c1,3,0,3,3,0,0,0,4,1,0,0,0,1.333333333,1,107,242.325,187,0.771690911,1.295855615,0,6,2,2,2
triethylamine,C6H15N,CCN(CC)CC,3,3,0,0,0,0,0,0,1,0,0,0,0,0,101,158.45,103.15,0.650994004,1.536112458,0,0,1,1,1
pyridine,C5H5N,c1ccncc1,0,0,5,0,0,0,0,4,1,0,0,0,0,0,79,231.45,127.45,0.55065889,1.816006277,0,5,0,0,0
2-methoxy-4-nitroaniline,C7H8N2O3,COc1cc(ccc1N)[N+]([O-])=O,1,0,3,3,0,1,2,5,2,0,0.4286,0,1.666666667,1,168,457,330.5,0.723194748,1.382753404,0,6,4,4,4
4-nitroaniline,C6H6N2O2,Nc1ccc(cc1)[N+]([O-])=O,0,0,4,2,0,0,2,5,2,0,0.3333,0,2.5,2,138,452,318,0.703539823,1.421383648,0,6,3,3,3
4-nitro-1-naphthylamine,C10H8N2O2,Nc1ccc(c2ccccc12)[N+]([O-])=O,0,0,6,4,0,0,2,8,2,0,0.2,0,2,1.5,188,448,305,0.680803571,1.468852459,0,10,5,5,5
2-nitroaniline,C6H6N2O2,Nc1ccccc1[N+]([O-])=O,0,0,4,2,0,0,2,5,2,0,0.3333,0,2.5,2,138,454,299,0.658590308,1.518394649,0,6,3,3,3
3-nitroaniline,C6H6N2O2,Nc1cccc(c1)[N+]([O-])=O,0,0,4,2,0,0,2,5,2,0,0.3333,0,2.5,2,138,431,301,0.69837587,1.431893688,0,6,3,3,3
4-methoxyaniline,C7H9NO,COc1ccc(N)cc1,1,0,4,2,0,1,0,4,1,0,0.1429,0,2,2,123,453,287,0.633554084,1.578397213,0,6,2,2,2
cinchonine,C19H22N2O,O[C@H]([C@H]1C[C@@H]2CCN1C[C@@H]2C=C)c3ccnc4ccccc34,0,5,11,3,1,0,0,10,2,0,0.0526,3,3.333333333,3.666666667,194,522,395,0.756704981,1.321518987,0,14,8,8,8
brucine,C23H26N2O4,COc1cc2N3[C@H]4[C@@H]5[C@H](CC3=O)OCC=C6CN7CC[C@]4([C@@H]7C[C@H]56)c2cc1OC,2,6,8,7,0,3,1,12,2,0,0.1739,0,1.714285714,1.142857143,394,451,367,0.813747228,1.228882834,0,15,15,15,14
cinchonidine,C19H22N2O,OC(C1CC2CCN1CC2C=C)c3ccnc4ccccc34,0,5,11,3,1,0,0,10,2,0,0.0526,3,3.333333333,3.666666667,194,476,377,0.792016807,1.262599469,0,14,8,8,8
piperine,C17H19NO3,O=C(/C=C/C=C/c1ccc2OCOc2c1)N3CCCCC3,0,6,7,4,0,2,1,9,1,0,0.1765,0,2.25,1.75,285,401,284,0.708229426,1.411971831,0,11,5,5,5
benzyl n-phenylcarbamate,C13H11NO2,C1=CC=C(C=C1)NC2=CC=CC=C2C(=O)O,0,1,10,3,0,1,1,9,1,0,0.1429,0,3,3.333333333,227,354,233,0.65819209,1.519313305,0,13,4,4,4
methyl n-phenylcarbamate,C8H9NO2,COC(=O)Nc1ccccc1,1,0,5,2,0,1,1,5,1,0,0.25,0,2.5,2.5,151,325,218,0.670769231,1.490825688,0,7,2,2,2
ethyl n-phenylcarbamate,C9H11NO2,CCOC(=O)Nc1ccccc1,1,1,5,2,0,1,1,5,1,0,0.2222,0,2.5,2.5,165,326,213,0.653374233,1.530516432,0,7,2,2,2
propyl n-phenylcarbamate,C10H13NO2,CCCOC(=O)Nc1ccccc1,1,2,5,2,0,1,1,5,1,0,0.2,0,2.5,2.5,179,331,203,0.613293051,1.630541872,0,7,2,2,2
dibucaine,C20H29N3O2,CCCCOc1cc(C(=O)NCCN(CC)CC)c2ccccc2n1,3,7,5,5,0,1,1,8,3,0,0.1,0,1.6,1,343,336,246,0.732142857,1.365853659,0,10,6,6,6
proxyphylline,C10H14N4O3,CC(O)Cn1cnc2N(C)C(=O)N(C)C(=O)c12,3,1,2,4,1,0,2,6,4,0,0.3,4,1.5,0.5,238,403,295,0.732009926,1.366101695,0,6,8,8,8
proxyphylline,C10H14N4O3,CC(O)Cn1cnc2N(C)C(=O)N(C)C(=O)c12,3,1,2,4,1,0,2,5,4,0,0.3,4,1.25,0.5,238,403,295,0.732009926,1.366101695,0,6,8,8,8
eserine,C15H21N3O2,CNC(=O)Oc1ccc2N(C)[C@H]3N(C)CC[C@@]3(C)c2c1,4,2,4,5,0,1,1,7,3,0,0.1333,0,1.4,0.8,275,378,297,0.785714286,1.272727273,0,9,9,9,8
nialamide,C16H18N4O2,O=C(CCNNC(=O)c1ccncc1)NCc2ccccc2,0,3,9,4,0,0,2,10,3,0,0.125,0,2.5,2.25,298,427,297,0.695550351,1.437710438,0,13,4,4,4
nialamide,C16H18N4O2,O=C(CCNNC(=O)c1ccncc1)NCc2ccccc2,0,3,9,4,0,0,2,10,4,0,0.125,0,2.5,2.25,298,427,297,0.695550351,1.437710438,0,13,4,4,4
acetaminophen,C8H9NO2,CC(=O)Nc1ccc(O)cc1,1,0,4,3,1,0,1,5,1,0,0.25,3,1.666666667,1.333333333,151,419,299,0.713603819,1.401337793,0,7,3,3,3
diphylline,C10H14N4O4,CN1C(=O)N(C)c2ncn(CC(O)CO)c2C1=O,2,2,2,4,2,0,2,6,4,0,0.4,2,1.5,0.5,254,438,315,0.719178082,1.39047619,0,6,8,8,8
nitrendipine,C18H20N2O6,CCOC(=O)C1=C(C)NC(=C(C1c2cccc(c2)[N+]([O-])=O)C(=O)OC)C,4,1,4,9,0,2,4,10,2,0,0.3333,0,1.111111111,0.444444444,360,429,303,0.706293706,1.415841584,0,13,10,10,10
phenobarbital,C12H12N2O3,CCC1(C(=O)NC(=O)NC1=O)c2ccccc2,1,1,5,5,0,0,3,8,2,0,0.25,0,1.6,1,232,447.3833333,318.3333333,0.711544909,1.40539267,0,10,6,6,5
quinidine,C20H24N2O2,COc1ccc2nccc([C@H](O)[C@H]3C[C@@H]4CCN3C[C@@H]4C=C)c2c1,1,5,10,4,1,1,0,10,2,0,0.1,4,2.5,2.5,324,445,326,0.73258427,1.365030675,0,14,9,9,9
antipyrine,C11H12N2O,CN1N(C(=O)C=C1C)c2ccccc2,2,0,6,3,0,0,1,7,2,0,0.0909,0,2.333333333,2,188,380,256,0.673684211,1.484375,0,9,5,5,5
phenylbutazone,C19H20N2O2,CCCCC1C(=O)N(N(C1=O)c2ccccc2)c3ccccc3,1,3,11,4,0,0,2,11,2,0,0.1053,0,2.75,2.75,308,377,277,0.734748011,1.36101083,0,15,7,7,7
quinineethylcarbonate,C23H28N2O4,CC(C12CCCN3C1C4(CC3)C5=CC=CC=C5NC4=C(C2)C(=O)OC)OC(=O)C,2,6,10,5,0,3,1,11,2,0,0.1739,0,2.2,2,396,362,278,0.767955801,1.302158273,0,15,13,13,11
pentobarbital,C11H18N2O3,CCCC(C)C1(CC)C(=O)NC(=O)NC1=O,3,3,1,4,0,0,3,4,2,0,0.2727,0,1,0.25,226,408,279,0.683823529,1.462365591,0,5,6,6,5
atropine,C17H23NO3,CN1C2CCC1CC(C2)OC(=O)C(CO)c3ccccc3,1,5,9,2,1,1,1,7,1,0,0.1765,2,3.5,4.5,289,379,281,0.741424802,1.348754448,0,11,7,7,7
hexobarbital,C12H16N2O3,CN1C(=O)NC(=O)C(C)(C1=O)C2=CCCCC2,2,4,1,5,0,0,3,6,2,0,0.25,0,1.2,0.2,236,423,286,0.676122931,1.479020979,0,6,7,7,6
amobarbital,C11H18N2O3,CCC1(CCC(C)C)C(=O)NC(=O)NC1=O,3,3,1,4,0,0,3,4,2,0,0.2727,0,1,0.25,226,432,286,0.662037037,1.51048951,0,5,6,6,5
nimodipine,C21H26N2O7,COCCOC(=O)C1=C(C)NC(=C(C1c2cccc(c2)[N+]([O-])=O)C(=O)OC(C)C)C,5,2,6,8,0,3,4,10,2,0,0.3333,0,1.25,0.75,418,389,288,0.740359897,1.350694444,0,14,11,11,11
dimethyl acetamide,C4H9NO,CN(C)C(C)=O,3,0,0,1,0,0,1,1,1,0,0.25,0,1,0,87,254.56,146.15,0.574127907,1.741772152,0,1,2,2,2
1-bromobutane,C4H9Br,CCCCBr,1,3,0,0,0,0,0,0,0,1,0,0,0,0,137,159.875,99.9,0.624863174,1.60035035,0,0,0,0,0
1-bromobutane,C4H9Br,CCCCBr,1,3,0,0,0,0,0,0,0,1,0,0,0,0,137.018,159.875,99.9,0.624863174,1.60035035,0,0,0,0,0
isobutylbromide,C4H9Br,CC(C)CBr,2,1,1,0,0,0,0,0,0,1,0,0,0,0,137.018,155.18,92.22,0.594277613,1.682715246,0,1,1,1,1
isobutylbromide,C4H9Br,CC(C)CBr,2,1,1,0,0,0,0,0,0,1,0,0,0,0,137,155.18,92.22,0.594277613,1.682715246,0,1,1,1,1
isoamylbromide,C5H11Br,CC(C)CCBr,2,2,1,0,0,0,0,0,0,1,0,0,0,0,151.045,161.225,107,0.663668786,1.506775701,0,1,1,1,1
3-bromopentane,C5H11Br,CCC(Br)CC,2,2,1,0,0,0,0,0,0,1,0,0,0,0,151,146.9,108,0.73519401,1.360185185,0,1,1,1,1
9-bromophenanthrene,C14H9Br,Brc1cc2ccccc2c3ccccc13,0,0,9,5,0,0,0,12,0,1,0,0,2.4,1.8,257,337.65,224.8,0.665778173,1.502001779,0,14,5,5,5
bromobenzene,C6H5Br,Brc1ccccc1,0,0,5,1,0,0,0,4,0,1,0,0,4,5,157.008,243,140,0.576131687,1.735714286,0,6,1,1,1
tert-butyl-chloride,C4H9Cl,CC(C)(C)Cl,3,0,0,1,0,0,0,0,0,1,0,0,0,0,92,247.75,133.75,0.539858729,1.852336449,0,1,2,2,1
tert-butyl-chloride,C4H9Cl,CC(C)(C)Cl,2,1,1,0,0,0,0,0,0,1,0,0,0,0,92,247.75,133.75,0.539858729,1.852336449,0,1,2,2,1
1 -bromopropane,C3H7Br,CCCBr,1,2,0,0,0,0,0,0,0,1,0,0,0,0,122.992,160.3,107,0.66749844,1.498130841,0,0,0,0,0
1-iodobutane,C4H9I,CCCCI,1,3,0,0,0,0,0,0,0,1,0,0,0,0,184.018,164.6,108.4,0.658566221,1.518450185,0,0,0,0,0
isobutylchloride,C4H9Cl,CC(C)CCl,2,1,1,0,0,0,0,0,0,1,0,0,0,0,92,142.35,88.7,0.623112048,1.604847802,0,1,1,1,1
iodobenzene,C6H5I,Ic1ccccc1,0,0,5,1,0,0,0,4,0,1,0,0,4,5,204.008,241.6,149.7,0.619619205,1.613894456,0,6,1,1,1
m-fluorotoluene,C7H7F,Cc1cccc(F)c1,1,0,4,2,0,0,0,4,0,1,0,0,2,2,110.129,185.575,122.5,0.660110467,1.514897959,0,6,2,2,2
trichloroethylene,C2HCl3,ClC=C(Cl)Cl,0,0,1,1,0,0,0,1,0,3,0,0,1,1,131,188.45,107.05,0.568055187,1.76039234,0,2,1,1,1
hydrochloro-thiazide,C7H8ClN3O4S2,C1NC2=CC(=C(C=C2S(=O)(=O)N1)S(=O)(=O)N)Cl,0,1,2,4,0,0,4,5,3,1,0.5714,0,1.25,0.5,297.74,547.15,385,0.703646166,1.421168831,2,6,8,8,6
griseofulvin,C17H17ClO6,COC1CC(=O)C[C@@H](C)[C@]12Oc3c(Cl)c(OC)cc(OC)c3C2=O,4,1,3,9,0,4,2,9,0,1,0.3529,0,1,0.333333333,352,477.2875,366.5,0.767880994,1.30228513,0,12,11,11,10
glibenclamide,C23H28ClN3O5S,COc1ccc(Cl)cc1C(=O)NCCc2ccc(cc2)[S](=O)(=O)NC(=O)NC3CCCCC3,1,7,8,7,0,1,4,11,3,1,0.2174,0,1.571428571,1.142857143,494.004,446.325,337.5,0.756175433,1.322444444,1,15,10,10,9
triphenyl phosphite,C18H15O3P,O(P(Oc1ccccc1)Oc2ccccc2)c3ccccc3,0,0,15,3,0,3,0,12,1,0,0.1667,0,4,5,310.284,298.15,200,0.670803287,1.49075,0,18,4,4,4
2-chloro-4-nitroaniline,C6H5ClN2O2,Nc1ccc(cc1Cl)[N+]([O-])=O,0,0,3,3,0,0,2,5,2,1,0.3333,0,1.666666667,1,172,441,324,0.734693878,1.361111111,0,6,4,4,4
4-chloroaniline,C6H6ClN,Nc1ccc(Cl)cc1,0,0,4,2,0,0,0,4,1,1,0,0,2,2,127,463,297,0.641468683,1.558922559,0,6,2,2,2
"3,4-dichloroaniline",C6H5Cl2N,Nc1ccc(Cl)c(Cl)c1,0,0,3,3,0,0,0,4,1,2,0,0,1.333333333,1,162,443,296,0.668171558,1.496621622,0,6,3,3,3
2-chloroaniline,C6H6ClN,Nc1ccccc1Cl,0,0,4,2,0,0,0,4,1,1,0,0,2,2,127,435,292,0.671264368,1.489726027,0,6,2,2,2
3-chloroaniline,C6H6ClN,Nc1cccc(Cl)c1,0,0,4,2,0,0,0,4,1,1,0,0,2,2,127,416,286,0.6875,1.454545455,0,6,2,2,2
3-trifluoromethylaniline,C7H6F3N,Nc1cccc(c1)C(F)(F)F,0,0,4,3,0,0,0,4,1,3,0,0,1.333333333,1.333333333,161.125,397,280,0.705289673,1.417857143,0,7,4,4,3
o-fluoroaniline,C6H6FN,Nc1ccccc1F,0,0,4,2,0,0,0,4,1,1,0,0,2,2,111.117,238.6,174,0.729253982,1.371264368,0,6,2,2,2
m-fluorophenol,C6H5FO,Oc1cccc(F)c1,0,0,4,2,1,0,0,4,0,1,0.1667,2,2,2,112.101,286,191,0.667832168,1.497382199,0,6,2,2,2
ethacrynic acid,C13H12Cl2O4,CCC(=C)C(=O)c1ccc(OCC(O)=O)c(Cl)c1Cl,1,3,2,7,1,1,2,7,0,2,0.3077,7,1,0.285714286,303,398,282,0.708542714,1.411347518,0,9,7,7,7
tolbutamide,C12H18N2O3S,CCCCNC(=O)N[S](=O)(=O)c1ccc(C)cc1,2,3,4,3,0,0,3,5,2,0,0.25,0,1.666666667,1.333333333,270.347,403,284,0.70471464,1.419014085,1,7,5,5,4
tolnaftate,C19H17NOS,CN(C(=S)Oc1ccc2ccccc2c1)c3cccc(C)c3,2,0,11,6,0,0,0,12,1,0,0,0,2,1.833333333,307.41,384,287,0.747395833,1.337979094,1,17,7,7,7
flufenamic acid,C14H10F3NO2,OC(=O)c1ccccc1Nc2cccc(c2)C(F)(F)F,0,0,8,6,1,0,1,9,1,3,0.1429,6,1.5,1.333333333,281.23,406,290,0.714285714,1.4,0,14,7,7,6
chorotrianisene,C23H21ClO3,COC1=CC=C(C=C1)C(=C(C2=CC=C(C=C2)OC)Cl)C3=CC=C(C=C3)OC,3,0,12,8,0,3,0,13,0,1,0.1304,0,1.625,1.5,380,393,298,0.75826972,1.318791946,0,20,8,8,8
chloramphenicol,C11H12Cl2N2O5,OCC(NC(=O)C(Cl)Cl)C(O)c1ccc(cc1)[N+]([O-])=O,0,1,7,3,2,0,3,6,2,2,0.4545,1.5,2,2.333333333,323,417.6666667,305.3333333,0.731045491,1.36790393,0,10,7,7,7
spironolactone,C24H32O4S,CC(=O)S[C@@H]1CC2=CC(=O)CC[C@]2(C)[C@H]3CC[C@@]4(C)[C@@H](CC[C@@]45CCC(=O)O5)[C@H]13,3,9,5,7,0,1,3,9,0,0,0.1667,0,1.285714286,0.714285714,416.574,478,331,0.692468619,1.444108761,1,12,14,14,11
chlormadinone acetate,C23H29ClO4,CC(=O)O[C@@]1(CC[C@H]2[C@@H]3C=C(Cl)C4=CC(=O)CC[C@]4(C)[C@H]3CC[C@]12C)C(C)=O,4,6,5,7,0,1,3,9,0,1,0.1818,0,1.285714286,0.714285714,404,483,334,0.691511387,1.446107784,0,12,14,14,11
indomethacin,C19H16ClNO4,COc1ccc2n(c(C)c(CC(O)=O)c2c1)C(=O)c3ccc(Cl)cc3,2,1,7,9,1,1,2,12,1,1,0.2105,9,1.333333333,0.777777778,357,434.575,319,0.734050509,1.362304075,0,16,10,10,10
chloroamphenicol,C11H12Cl2N2O5,OC[C@@H](NC(=O)C(Cl)Cl)[C@H](O)c1ccc(cc1)[N+]([O-])=O,0,1,7,3,2,0,3,6,2,2,0.4545,1.5,2,2.333333333,323,425,301,0.708235294,1.411960133,0,10,7,7,7
sulphisoxazole,C11H13N3O3S,Cc1noc(N[S](=O)(=O)c2ccc(N)cc2)c1C,2,0,4,5,0,1,2,7,1,0,0.2727,0,1.4,0.8,267.304,460,306,0.665217391,1.503267974,1,9,7,7,6
felodipine,C18H19Cl2NO4,CCOC(=O)C1=C(C)NC(=C(C1c2cccc(Cl)c2Cl)C(=O)OC)C,4,1,4,9,0,2,2,9,1,2,0.2222,0,1,0.444444444,384,407,316,0.776412776,1.287974684,0,13,10,10,10
sulphathiazole,C9H9N3O2S2,Nc1ccc(cc1)[S](=O)(=O)Nc2sccn2,0,0,6,3,0,0,2,7,3,0,0.2222,0,2.333333333,2,255.316,471,334,0.709129512,1.410179641,2,9,5,5,4
sulphadimethoxine,C12H14N4O4S,COc1cc(N[S](=O)(=O)c2ccc(N)cc2)nc(OC)n1,2,0,5,5,0,2,2,8,4,0,0.3333,0,1.6,1,310.329,465,339,0.729032258,1.371681416,1,10,7,7,6
chlorotrianisene,C23H21ClO3,COc1ccc(cc1)C(Cl)=C(c2ccc(OC)cc2)c3ccc(OC)cc3,3,0,12,8,0,3,0,13,0,1,0.1304,0,1.625,1.5,380,393,298,0.75826972,1.318791946,0,20,8,8,8
tolnaphtate,C19H17NOS,CC1=CC(=CC=C1)N(C)C(=S)OC2=CC3=CC=CC=C3C=C2,2,0,11,6,0,0,0,12,1,0,0,0,2,1.833333333,307.41,384,287,0.747395833,1.337979094,1,17,7,7,7
chlorobenzene,C6H5Cl,Clc1ccccc1,0,0,5,1,0,0,0,4,0,1,0,0,4,5,112,226.6,126.3,0.557369815,1.794140934,0,6,1,1,1
probucol,C31H48O2S2,CC(C)(C)c1cc(SC(C)(C)Sc2cc(c(O)c(c2)C(C)(C)C)C(C)(C)C)cc(c1O)C(C)(C)C,14,0,4,13,2,0,0,8,0,0,0.0645,6.5,0.615384615,0.307692308,516,398.15,295,0.740926786,1.349661017,2,17,18,18,13
2-ethylhexylamine,C8H19N,CCCCC(CC)CN,2,5,1,0,0,0,0,0,1,0,0,0,0,0,129,197,141,0.715736041,1.397163121,0,1,1,1,1
n-(s-1-naphthylethyl)-tetrachlorophthalimide,C20H13O2NCl4,O=C(NC1=CC=CC=C1)C2=CC(=C(C=C2Cl)Cl)C3=CC(=C(C=C3Cl)Cl)O,1,0,10,9,0,0,2,14,1,4,0.1,0,1.555555556,1.111111111,439,462,362,0.783549784,1.276243094,0,19,10,10,10
"n-(s-1-naphthylethyl)-2,2-diphenic imide",C26H19O2N,O=C(NC1=CC=CC=C1)C2=CC=CC=C2C3=CC=CC=C3C4=CC=CC=C4,1,0,16,9,0,0,2,15,1,0,0.0769,0,1.666666667,1.777777778,377,469,356,0.759061834,1.31741573,0,25,7,7,7
"n-(r-1-phenylethyl)-2,2-diphenic imide",C22H17O2N,O=C(NC1=CC=CC=C1)C2=CC=CC=C2C3=CC=CC=C3C=O,1,0,14,7,0,0,2,15,1,0,0.0909,0,2.142857143,2,327,479,333,0.69519833,1.438438438,0,21,6,6,6
"n-(r-1-phenylethyl)-4-nitro-1,8-naphthalimide",C20H14O4N2,O=C(NC1=CC=CC=C1)C2=CC(=C(C=C2)C(=O)NC3=CC=CC=C3)O,1,0,11,8,0,0,4,15,2,0,0.2,0,1.875,1.375,346,401,320,0.798004988,1.253125,0,19,7,7,7
"n-(r-1-phenylethyl)-1,8-naphthalimide",C20H15O2N,O=C(NC1=CC=CC=C1)C2=CC=CC=C2C3=CC=CC=C3,1,0,12,7,0,0,2,15,1,0,0.1,0,2.142857143,1.714285714,300,435,319,0.733333333,1.363636364,0,19,5,5,5
n-(r-1-phenylethyl)-3-nitrophthalimide,C16H12O4N2,O=C(NC1=CC=CC=C1)C2=CC=C(C=C2)C(=O)NC3=CC=CO3,1,0,9,6,0,0,4,12,2,0,0.25,0,2,1.5,296,395,289,0.73164557,1.366782007,0,15,6,6,6
"4-acetamido-n-(2,4-dimethylphenyl)-1,8naphthalimide",C21H18O3N2,O=C(Oc1ccccc1)C2=CC=C(N)C=C2NC(=O)c3ccccc3,3,0,8,10,0,0,3,15,2,0,0.1429,0,1.5,0.8,346,564,401,0.710992908,1.406483791,0,18,7,7,7
"n-(1,2,3,4-tetrahydro-1-naphthyl)-tetrachlorophthalimide",C18H11O2NCl4,C1=CC(=CC(=C1Cl)Cl)C2=CC(=C(C(=C2)Cl)Cl)C(=O)NC3=CC=CC=C3C=O,0,3,5,10,0,0,2,12,1,4,0.1111,0,1.2,0.5,413,501,343,0.684630739,1.460641399,0,15,10,10,10
"1-methyl-1-(p-hydroxyphenyl)-1,2,3,4tetrahydronaphthalene",C17H18O,CC1(CCCc2ccccc12)c3ccc(O)cc3,1,3,8,5,1,0,0,9,0,0,0.0588,5,1.8,1.6,238,393,283,0.720101781,1.38869258,0,13,6,6,5
"1,3-dinitro-4,6-bis-(r-l-phenylethylamino)benzene",C22H22N4O4,COc1ccc(Cc2nn3c(-c(cc4OC)cc(OC)c4OC)ccnc3n2)cc1,2,0,14,6,0,0,3,14,4,0,0.1364,0,2.333333333,2.333333333,406,469,316,0.673773987,1.484177215,0,20,10,10,10
n-(r-1-phenylethyl)-n-(p-nitrophenyl)thiourea,C15H15N3O2S,CC(C)c1cc(C(Nc(sc2c3CCC2)c3C#N)=O)no1,1,0,10,4,0,0,3,10,3,0,0.2,0,2.5,2.5,301,386,313,0.810880829,1.233226837,1,14,8,8,8
1-menthyl-3-nitrophenylurethane,C17H23N2O4,[O-]C(=O)[C@H]1CN(CCN1C(=O)OC(C)(C)C)Cc1ccccc1,3,3,8,3,0,1,3,6,2,0,0.2353,0,2,2.666666667,319,354,288,0.813559322,1.229166667,0,11,8,8,7
1-(ethoxycarbonyl)ethyl-2-methyl-4-nitrophenylurethane,C14H20N2O6,CC1(OCC2C(O1)C3C(C4N2C(=O)C(=O)N4)OC(O3)(C)C)C,3,4,3,4,0,2,4,7,2,0,0.4286,0,1.75,0.75,312,343,273,0.795918367,1.256410256,0,7,12,12,10
"1,1,3-trimethyl-3-(p-carboxyphenyl)-indan-5-carboxylic acid",C20H20O4,CC1(C=CC2=C(O1)C=CC3=C2OCC(C3)C4=C(C=C(C=C4)O)O)C,3,1,7,9,2,0,2,11,0,0,0.2,4.5,1.222222222,0.777777778,324,565,402,0.711504425,1.405472637,0,16,10,10,9
"2-benzyl-(3,3)spirobi-(benzo[f]chroman)",C32H46O2,CC1CC2C3C(CC4=C(C(=O)C(C(C4C3C(CC2(C1CCOC5=CC=CC=C5)C)C)C)C)C)C,0,16,14,2,0,2,0,10,0,0,0.0625,0,5,7,462,483,339,0.701863354,1.424778761,0,16,16,16,15
n-(1-phenylethyl)-n-(p-nitrophenyl)urea,C15H15N3O3,CC1=CC(=C(C=C1)NC(=O)NC2=CC=CC(=C2)C(=O)C)[N+](=O)[O-],1,0,10,4,0,0,3,9,3,0,0.2,0,2.25,2.5,285,444,305,0.686936937,1.455737705,0,14,8,8,8
"n-( 1-phenylethyl)-2,4-dinitroaniline",C14H13N3O4,C1=CC=C(C=C1)CCNC2=C(C=C(C=C2)[N+](=O)[O-])[N+](=O)[O-],1,0,9,4,0,0,3,10,3,0,0.2143,0,2.5,2.25,287,387,283,0.73126615,1.367491166,0,13,6,6,6
n-(2-tetrahydropyryl)saccharin,C12H13NO4S,C1=CC=C2C(=C1)C(=O)NS2(=O)=O,0,4,5,3,0,1,3,7,1,0,0.3333,0,2.333333333,1.666666667,267,409,279,0.682151589,1.465949821,1,8,5,5,4
"9,9-bis(p-hydroxyphenyl)fluorene",C25H18O2,C1=CC=C2C(=C1)C3=CC=CC=C3C2(C4=CC=C(C=C4)O)C5=CC=C(C=C5)O,0,0,16,9,2,0,0,17,0,0,0.08,4.5,1.888888889,1.777777778,350,497,372,0.748490946,1.336021505,0,25,10,10,9
"9,9-bis(p-aminophenyl)fluorene",C25H20N2,C1=CC=C2C(=C1)C3=CC=CC=C3C2(C4=CC=C(C=C4)N)C5=CC=C(C=C5)N,0,0,16,9,0,0,0,17,2,0,0,0,1.888888889,1.777777778,348,501,360,0.718562874,1.391666667,0,25,10,10,9
anilinephthalein,C20H16N2O2,Nc1ccc(cc1)C2(OC(=O)c3ccccc23)c4ccc(N)cc4,0,0,12,8,0,1,1,12,2,0,0.1,0,1.5,1.5,316,475,353,0.743157895,1.345609065,0,20,9,9,8
"2,2,2-tris(chloromethyl)ethyl-p-nitrophenylurethane",C12H13N2O4Cl3,CCOC(=O)N(CC(CCl)(CCl)CCl)c1ccc(cc1)[N+]([O-])=O,0,4,4,4,0,1,3,6,2,3,0.3333,0,1.5,1,354,429,293,0.682983683,1.464163823,0,8,7,7,6
"2,2,3,3-tetrafluoropropyl-p-nitrophenylurethane",C10H8N2O4F4,CCOC(=O)N(CC(F)(F)C(F)F)c1ccc(cc1)[N+]([O-])=O,0,1,5,4,0,1,3,6,2,4,0.4,0,1.5,1.25,296,348,261,0.75,1.333333333,0,9,8,8,7
n-pentyl-p-nitrophenylurethane,C12H16N2O4,CCCCCN(C(=O)OCC)c1ccc(cc1)[N+]([O-])=O,1,4,4,3,0,1,3,6,2,0,0.3333,0,2,1.333333333,210,365,243,0.665753425,1.502057613,0,7,5,5,5
budesonide,C25H34O6,CCCC1O[C@@H]2C[C@H]3[C@@H]4CCC5=CC(=O)C=C[C@]5(C)[C@H]4[C@@H](O)C[C@]3(C)[C@@]2(O1)C(=O)CO,3,7,9,6,2,2,2,9,0,0,0.24,3,1.5,1.5,430,530,368,0.694339623,1.440217391,0,15,15,15,12
prednisone,C21H26O5,C[C@]12CC(=O)[C@H]3[C@@H](CCC4=CC(=O)C=C[C@]34C)[C@@H]1CC[C@]2(O)C(=O)CO,2,6,6,7,2,0,3,9,0,0,0.2381,3.5,1.285714286,0.857142857,358,513,366,0.713450292,1.401639344,0,13,13,13,10
hydrocortisone,C21H30O5,C[C@]12CCC(=O)C=C1CC[C@H]3[C@@H]4CC[C@](O)(C(=O)CO)[C@@]4(C)C[C@H](O)[C@H]23,2,8,5,6,3,0,2,7,0,0,0.2381,2,1.166666667,0.833333333,362,497,359,0.722334004,1.384401114,0,11,13,13,10
warfarin,C19H16O4,CC(=O)CC(c1ccccc1)C2=C(O)Oc3ccccc3C2=O,1,1,10,7,1,1,2,12,0,0,0.2105,7,1.714285714,1.428571429,308,435,341,0.783908046,1.275659824,0,17,8,8,8
testosterone,C19H28O2,C[C@]12CC[C@H]3[C@@H](CCC4=CC(=O)CC[C@]34C)[C@@H]1CC[C@@H]2O,2,8,5,4,1,0,1,6,0,0,0.1053,4,1.5,1.25,288,426,315,0.73943662,1.352380952,0,9,10,10,8
nandrolone,C18H26O2,C[C@]12CC[C@H]3[C@@H](CCC4=CC(=O)CC[C@H]34)[C@@H]1CC[C@@H]2O,1,8,6,3,1,0,1,6,0,0,0.1111,3,2,2,274,397,310,0.780856423,1.280645161,0,9,9,9,8
simvastatin,C25H38O5,CCC(C)(C)C(=O)O[C@H]1C[C@@H](C)C=C2C=C[C@H](C)[C@H](CC[C@@H]3C[C@@H](O)CC(=O)O3)[C@@H]12,5,6,10,4,1,2,2,7,0,0,0.2,4,1.75,2.5,418,412,309,0.75,1.333333333,0,14,12,12,11
fluorescamin,C17H10O4,C1=CC=C(C=C1)C2=COC3(C2=O)C4=CC=CC=C4C(=O)O3,0,0,10,7,0,2,2,13,0,0,0.2353,0,1.857142857,1.428571429,278,428,299,0.698598131,1.431438127,0,17,8,8,7
ibuprofen,C13H18O2,CC(C)Cc1ccc(cc1)C(C)C(O)=O,3,1,6,3,1,0,1,5,0,0,0.1538,3,1.666666667,2,206,350,228,0.651428571,1.535087719,0,9,5,5,5
ketoprofen,C16H14O3,CC(C(O)=O)c1cccc(c1)C(=O)c2ccccc2,1,0,10,5,1,0,2,10,0,0,0.1875,5,2,2,254,368,270,0.733695652,1.362962963,0,15,6,6,6
Aripiprazole,C23H27Cl2N3O2,Clc1cccc(N2CCN(CCCCOc3ccc4CCC(=O)Nc4c3)CC2)c1Cl,0,10,6,7,0,1,1,11,3,2,0.087,0,1.571428571,0.857142857,448,526,363,0.690114068,1.449035813,0,13,9,9,9
Bucindolol,C22H25N3O2,CC(C)(Cc1c[nH]c2ccccc12)NCC(O)COc3ccccc3C#N,2,3,10,7,1,1,0,12,3,0,0.0909,7,1.714285714,1.428571429,364,459,356,0.775599129,1.289325843,0,17,8,8,7
Danazol,C22H27NO2,C[C@]12Cc3cnoc3C=C1CC[C@@H]4[C@@H]2CC[C@@]5(C)[C@H]4CC[C@@]5(O)C#C,2,7,6,7,1,1,0,10,1,0,0.0909,7,1.428571429,0.857142857,337,500,352,0.704,1.420454545,0,13,12,12,9
Bezafibrate,C19H20ClNO4,CC(C)(Oc1ccc(CCNC(=O)c2ccc(Cl)cc2)cc1)C(O)=O,2,2,8,7,1,1,2,10,1,0,0.2105,7,1.428571429,1.142857143,362,457,346,0.757111597,1.320809249,0,15,8,8,7
Ezetimibe,C24H21F2NO3,O[C@@H](CC[C@@H]1[C@H](N(C1=O)c2ccc(F)cc2)c3ccc(O)cc3)c4ccc(F)cc4,0,2,15,7,2,0,1,14,1,2,0.125,3.5,2,2.142857143,409,437,338,0.773455378,1.292899408,0,22,11,11,11
Glafenine,C19H17ClN2O4,OCC(O)COC(=O)c1ccccc1Nc2ccnc3cc(Cl)ccc23,0,2,10,7,2,1,1,12,2,1,0.2105,3.5,1.714285714,1.428571429,373,437,336,0.768878719,1.300595238,0,17,8,8,8
Pimozide,C28H29F2N3O,Fc1ccc(cc1)C(CCCN2CCC(CC2)N3C(=O)Nc4ccccc34)c5ccc(F)cc5,0,7,14,7,0,0,1,14,3,2,0.0357,0,2,2,461,492,327,0.664634146,1.504587156,0,21,11,11,11
Zolmitriptan,C16H21N3O2,CN(C)CCc1c[nH]c2ccc(C[C@@H]3COC(=O)N3)cc12,2,4,5,5,0,1,1,8,3,0,0.125,0,1.6,1,287,410,322,0.785365854,1.273291925,0,10,7,7,7
Diazepam,C16H13ClN2O,CN1C(=O)CN=C(c2ccccc2)c3cc(Cl)ccc13,1,1,8,6,0,0,1,7,2,1,0.0625,0,1.166666667,1.333333333,284,404,319,0.78960396,1.26645768,0,14,7,7,7
Felodipine,C18H19Cl2NO4,CCOC(=O)C1=C(C)NC(=C(C1c2cccc(Cl)c2Cl)C(=O)OC)C,4,1,4,9,0,2,2,9,1,2,0.2222,0,1,0.444444444,384,420,318,0.757142857,1.320754717,0,13,10,10,10
Nifedipine,C17H18N2O6,COC(=O)C1=C(C)NC(=C(C1c2ccccc2[N+]([O-])=O)C(=O)OC)C,4,0,5,8,0,2,4,9,1,0,0.3529,0,1.125,0.625,346,446,318,0.713004484,1.402515723,0,13,10,10,10
Carvedilol,C24H26N2O4,COc1ccccc1OCCNCC(O)COc2cccc3[nH]c4ccccc4c23,1,4,12,7,1,3,0,13,2,0,0.1667,7,1.857142857,1.714285714,407,390,315,0.807692308,1.238095238,0,19,8,8,8
Loratadine,C22H23ClN2O2,CCOC(=O)N1CCC(CC1)=C2c3ccc(Cl)cc3CCc4cccnc24,1,7,6,8,0,1,1,12,2,1,0.0909,0,1.5,0.75,383,409,310,0.75794621,1.319354839,0,14,9,9,9
Clemastine,C21H26ClNO,CC(C1=CC=CC=C1)(C2=CC=C(C=C2)Cl)OCCC3CCCN3C,2,5,10,4,0,1,0,9,1,1,0.0476,0,2.25,2.5,344,451,308,0.682926829,1.464285714,0,14,7,7,6
Clotrimazole,C22H17ClN2,Clc1ccccc1C(n2ccnc2)(c3ccccc3)c4ccccc4,0,0,17,5,0,0,0,15,2,1,0,0,3,3.4,345,418,303,0.724880383,1.379537954,0,22,7,7,6
Physostigmine,C15H21N3O2,CNC(=O)Oc1ccc2N(C)[C@H]3N(C)CC[C@@]3(C)c2c1,4,2,4,5,0,1,1,7,3,0,0.1333,0,1.4,0.8,275,377,293,0.777188329,1.28668942,0,9,9,9,8
Bifonazole,C22H18N2,c1ccc(cc1)C(n2ccnc2)c3ccc(cc3)c4ccccc4,0,0,18,4,0,0,0,15,2,0,0,0,3.75,4.5,310,424,290,0.683962264,1.462068966,0,22,6,6,6
Cinnarizine,C26H28N2,C1CN(CCN1C\C=C\c2ccccc2)C(c3ccccc3)c4ccccc4,0,5,18,3,0,0,0,14,2,0,0,0,4.666666667,6,369,394,280,0.710659898,1.407142857,0,21,6,6,6
Clofoctol,C21H26Cl2O,CC(C)(C)CC(C)(C)c1ccc(O)c(Cc2ccc(Cl)cc2Cl)c1,5,2,6,8,1,0,0,8,0,2,0.0476,8,1,0.75,365,361,269,0.745152355,1.342007435,0,14,10,10,8
Tamoxifen,C26H29NO,CC/C(c1ccccc1)=C(c2ccccc2)/c3ccc(OCCN(C)C)cc3,3,3,14,6,0,1,0,13,1,0,0.0385,0,2.166666667,2.333333333,372,371,263,0.708894879,1.410646388,0,20,7,7,7
Procaine,C13H20N2O2,CCN(CC)CCOC(=O)c1ccc(N)cc1,2,4,4,3,0,1,1,5,2,0,0.1538,0,1.666666667,1.333333333,236,335,234,0.698507463,1.431623932,0,7,4,4,4
Orlistat,C29H53NO5,CCCCCCCCCCC[C@@H](C[C@@H]1OC(=O)[C@H]1CCCCCC)OC(=O)[C@H](CC(C)C)NC=O,4,17,5,3,0,2,3,4,1,0,0.1724,0,1.333333333,1.666666667,496,316,228,0.721518987,1.385964912,0,8,7,7,7
Linaprazan,C21H26N4O2,CC1=C(C(=CC=C1)C)CNC2=CC(=CN3C2=NC(=C3C)C)C(=O)NCCO,4,3,5,9,1,0,1,11,4,0,0.0952,9,1.222222222,0.555555556,367,519,373,0.718689788,1.391420912,0,14,10,10,10
Isradipine,C19H21N3O5,COC(=O)C1=C(C)NC(=C(C1c2cccc3nonc23)C(=O)OC(C)C)C,5,0,5,9,0,3,2,11,3,0,0.2632,0,1.222222222,0.555555556,371,432,316,0.731481481,1.367088608,0,14,11,11,11
Acemetacin,C21H18ClNO6,COc1ccc2n(c(C)c(CC(=O)OCC(O)=O)c2c1)C(=O)c3ccc(Cl)cc3,2,2,7,10,1,2,3,13,1,1,0.2857,10,1.3,0.7,416,421,310,0.736342043,1.358064516,0,17,11,11,11
Nilutamide,C12H10F3N3O4,CC1(C)NC(=O)N(c2ccc(c(c2)C(F)(F)F)[N+]([O-])=O)C1=O,2,0,3,7,0,0,4,7,3,3,0.3333,0,1,0.428571429,317,428,306,0.714953271,1.39869281,0,10,11,11,9
Aceclofenac,C16H13Cl2NO4,OC(=O)COC(=O)Cc1ccccc1Nc2c(Cl)cccc2Cl,0,2,7,7,1,1,2,10,1,2,0.25,7,1.428571429,1,354,426,283,0.664319249,1.505300353,0,14,7,7,7
Miconazole,C18H14Cl4N2O,Clc1ccc(COC(Cn2ccnc2)c3ccc(Cl)cc3Cl)c(Cl)c1,0,2,10,6,0,1,0,11,2,4,0.0556,0,1.833333333,1.666666667,416,359,274,0.763231198,1.310218978,0,16,8,8,8
Flurbiprofen,C15H13FO2,CC(C(O)=O)c1ccc(c(F)c1)c2ccccc2,1,0,9,5,1,0,1,9,0,1,0.1333,5,1.8,1.8,244,388,267,0.68814433,1.453183521,0,14,6,6,6
Fenofibrate,C20H21ClO4,CC(C)OC(=O)C(C)(C)Oc1ccc(cc1)C(=O)c2ccc(Cl)cc2,4,0,9,7,0,2,2,10,0,1,0.2,0,1.428571429,1.285714286,361,354,254,0.717514124,1.393700787,0,16,9,9,8
