Name,Formula,#CH3,#CH2,#CH,#C,#OH,#C-O-C,#O=C,DBA,#N,#Hal,O:C,M / g/mol,Tm / K,Tg / K,Tg/Tm,Tm/Tg,#S,#branching,#C:#OH,DBA:#C,#CH:#C,#Hal:#C
glucose,C6H12O6,0,1,4,1,5,0,1,1,0,0,1.0,180.0,419.675,300.6666667,0.716427394,1.395814856,0,5,0.2,1.0,4.0,0.0
dextrose,C6H12O6,0,1,4,1,5,0,1,1,0,0,1.0,180.0,432.0,310.0,0.717592593,1.393548387,0,5,0.2,1.0,4.0,0.0
tartaric acid,C4H6O6,0,0,2,2,4,0,2,2,0,0,1.5,150.0,430.0,288.775,0.671569767,1.489048567,0,4,0.5,1.0,1.0,0.0
"1,2,3-propanetricarboxylic acid",C6H8O6,0,2,1,3,3,0,3,3,0,0,1.0,176.0,431.15,276.45,0.641192161,1.559594863,0,4,1.0,1.0,0.3333333333333333,0.0
"1,2,4-butanetricarboxylic acid",C7H10O6,0,3,1,3,3,0,3,3,0,0,0.8571,190.0,391.65,272.8,0.696540278,1.435667155,0,4,1.0,1.0,0.3333333333333333,0.0
glycerol,C3H8O3,0,2,1,0,3,0,0,0,0,0,1.0,92.0,291.2916667,186.15,0.639050207,1.564822276,0,1,0.0,0.0,0.0,0.0
ribose,C5H10O5,0,1,3,1,5,0,1,1,0,0,1.2,166.0,360.6666667,259.3333333,0.719038817,1.390745502,0,4,0.2,1.0,3.0,0.0
ribose,C5H10O5,0,1,3,1,4,0,1,1,0,0,1.0,150.0,360.6666667,259.3333333,0.719038817,1.390745502,0,4,0.25,1.0,3.0,0.0
ethanol,C2H6O,1,1,0,0,1,0,0,0,0,0,0.5,46.0,159.6716667,95.55,0.598415498,1.671079714,0,0,0.0,0.0,0.0,0.0
n-propanol,C3H8O,1,2,0,0,1,0,0,0,0,0,0.3333,60.0,147.9714286,97.57142857,0.659393705,1.516544656,0,0,0.0,0.0,0.0,0.0
methanol,CH4O,1,0,0,0,1,0,0,0,0,0,1.0,32.0,175.465,102.1,0.581882427,1.718560235,0,0,0.0,0.0,0.0,0.0
ethylenglycol,C2H6O2,0,2,0,0,2,0,0,0,0,0,1.0,62.0,260.23,151.5,0.582177305,1.717689769,0,0,0.0,0.0,0.0,0.0
phenolphthalein,C20H14O4,0,0,12,8,2,1,1,14,0,0,0.2,318.0,534.8833333,356.0,0.6655657,1.502481273,0,20,4.0,1.75,1.5,0.0
maltitol,C12H24O11,0,3,9,0,9,2,0,1,0,0,0.9167,344.0,420.9,311.5,0.740080779,1.351203852,0,9,0.0,0.0,0.0,0.0
flopropione,C9H10O4,1,1,2,5,3,0,1,5,0,0,0.4444,182.0,448.65,335.0,0.746684498,1.339253731,0,7,1.6666666666666667,1.0,0.4,0.0
2-methyl-1-propanol,C4H10O,2,1,1,0,1,0,0,0,0,0,0.25,74.0,171.25,116.8333333,0.682238443,1.465763196,0,1,0.0,0.0,0.0,0.0
n-hexanol,C6H14O,1,5,0,0,1,0,0,0,0,0,0.1667,102.0,224.1666667,128.2333333,0.572044609,1.748115415,0,0,0.0,0.0,0.0,0.0
n-pentanol,C5H12O,1,4,0,0,1,0,0,0,0,0,0.2,88.0,195.3666667,120.5666667,0.617130183,1.620403649,0,0,0.0,0.0,0.0,0.0
benzyl alcohol,C7H8O,0,1,5,1,1,0,0,4,0,0,0.1429,108.0,258.0,168.0,0.651162791,1.535714286,0,6,1.0,4.0,5.0,0.0
"propan-1,2-diol",C3H8O2,1,1,1,0,2,0,0,0,0,0,0.6667,76.0,214.4333333,166.0666667,0.774444272,1.291248494,0,1,0.0,0.0,0.0,0.0
resorcinol,C6H6O2,0,0,4,2,2,0,0,4,0,0,0.3333,110.0,383.0,250.0,0.652741514,1.532,0,6,1.0,2.0,2.0,0.0
phenyl-salicylate,C13H10O3,0,0,9,4,1,1,1,9,0,0,0.2308,214.0,315.1,219.3,0.695969533,1.436844505,0,13,4.0,2.25,2.25,0.0
phenyl salicylate,C13H10O3,0,0,9,4,1,1,1,9,0,0,0.2308,214.0,316.15,216.5,0.684801518,1.460277136,0,13,4.0,2.25,2.25,0.0
dimethylphthalat,C10H10O4,2,0,4,4,0,2,2,6,0,0,0.4,194.0,276.425,193.225,0.699014199,1.430586104,0,8,0.0,1.5,1.0,0.0
diethylphthalat,C12H14O4,2,2,4,4,0,2,2,6,0,0,0.3333,222.0,252.075,180.325,0.715362491,1.397892694,0,8,0.0,1.5,1.0,0.0
2-ethyl-1-hexanol,C8H18O,2,5,1,0,1,0,0,0,0,0,0.125,130.0,203.15,146.9333333,0.723275084,1.382599819,0,1,0.0,0.0,0.0,0.0
5-methyl-3-heptanol,C8H18O,3,3,2,0,1,0,0,0,0,0,0.125,130.0,181.95,159.0,0.873866447,1.144339623,0,2,0.0,0.0,0.0,0.0
2-phenyl-1-ethanol,C8H10O,0,2,5,1,1,0,0,4,0,0,0.125,122.0,246.15,181.4,0.736949015,1.356945976,0,6,1.0,4.0,5.0,0.0
2-butanol,C4H10O,2,1,1,0,1,0,0,0,0,0,0.25,74.0,174.6375,115.835,0.66328824,1.507640178,0,1,0.0,0.0,0.0,0.0
"2,2-dimethyl-1-propanol",C5H12O,3,1,0,1,1,0,0,0,0,0,0.2,88.0,325.65,166.0,0.509749731,1.961746988,0,1,1.0,0.0,0.0,0.0
o-xylene,C8H10,2,0,4,2,0,0,0,4,0,0,0.0,106.0,247.95,123.0,0.496067756,2.015853659,0,6,0.0,2.0,2.0,0.0
m-xylene,C8H10,2,0,4,2,0,0,0,4,0,0,0.0,106.0,225.35,122.75,0.544708232,1.835845214,0,6,0.0,2.0,2.0,0.0
2-methylpentane,C6H14,3,2,1,0,0,0,0,0,0,0,0.0,86.0,119.7,78.66666667,0.657198552,1.521610169,0,1,0.0,0.0,0.0,0.0
triphenylethene,C20H16,0,0,16,4,0,0,0,13,0,0,0.0,256.0,345.65,246.0,0.711702589,1.405081301,0,20,0.0,3.25,4.0,0.0
n-buten,C4H8,1,2,1,0,0,0,0,1,0,0,0.0,56.0,87.905,59.5,0.676867072,1.477394958,0,1,0.0,0.0,0.0,0.0
4-methylstyrene,C9H10,1,1,5,2,0,0,0,5,0,0,0.0,118.0,239.05,167.0,0.69859862,1.431437126,0,7,0.0,2.5,2.5,0.0
o-terphenyl,C18H14,0,0,14,4,0,0,0,12,0,0,0.0,230.0,329.64,245.72,0.745419245,1.341526941,0,18,0.0,3.0,3.5,0.0
toluol,C7H8,1,0,5,1,0,0,0,4,0,0,0.0,92.0,178.04,115.93,0.65114581,1.535754335,0,6,0.0,4.0,5.0,0.0
ethylbenzene,C8H10,1,1,5,1,0,0,0,4,0,0,0.0,106.0,178.1266667,112.3333333,0.630637374,1.58569733,0,6,0.0,4.0,5.0,0.0
propylbenzene,C9H12,1,2,5,1,0,0,0,4,0,0,0.0,120.0,173.675,123.05,0.708507269,1.411418123,0,6,0.0,4.0,5.0,0.0
n-pentylbenzene,C11H16,1,4,5,1,0,0,0,4,0,0,0.0,148.0,196.075,128.0,0.652811424,1.531835938,0,6,0.0,4.0,5.0,0.0
n-hexylbenzene,C12H18,1,5,5,1,0,0,0,4,0,0,0.0,162.0,208.575,137.0,0.656838068,1.522445255,0,6,0.0,4.0,5.0,0.0
sec-butylbenzene,C10H14,2,1,6,1,0,0,0,4,0,0,0.0,134.0,194.225,127.5,0.656455142,1.523333333,0,7,0.0,4.0,6.0,0.0
tert-butyl-benzene,C10H14,3,0,5,2,0,0,0,4,0,0,0.0,134.0,215.175,142.0,0.659927966,1.515316901,0,7,0.0,2.0,2.5,0.0
3-methylheptane,C8H18,3,4,1,0,0,0,0,0,0,0,0.0,114.0,151.335,102.5,0.677305316,1.476439024,0,1,0.0,0.0,0.0,0.0
cyclohexene,C6H10,0,4,2,0,0,0,0,2,0,0,0.0,82.0,170.0,92.0,0.541176471,1.847826087,0,2,0.0,0.0,0.0,0.0
methylcyclohexane,C7H14,1,5,1,0,0,0,0,1,0,0,0.0,98.0,146.775,85.0,0.579117697,1.726764706,0,1,0.0,0.0,0.0,0.0
ethylcyclohexane,C8H16,1,6,1,0,0,0,0,1,0,0,0.0,112.0,161.95,98.0,0.605125039,1.65255102,0,1,0.0,0.0,0.0,0.0
isopropylcyclohexane,C9H18,2,5,2,0,0,0,0,1,0,0,0.0,126.0,183.8,108.0,0.587595212,1.701851852,0,2,0.0,0.0,0.0,0.0
sec-butylcyclohexane,C10H20,2,6,2,0,0,0,0,1,0,0,0.0,140.0,178.4,123.0,0.689461883,1.450406504,0,2,0.0,0.0,0.0,0.0
n-butylcyclohexane,C10H20,1,8,1,0,0,0,0,1,0,0,0.0,140.0,198.21,119.0,0.600373341,1.665630252,0,1,0.0,0.0,0.0,0.0
n-pentylcyclohexane,C11H22,1,9,1,0,0,0,0,1,0,0,0.0,154.0,215.65,125.0,0.57964294,1.7252,0,1,0.0,0.0,0.0,0.0
n-hexylcyclohexane,C12H24,1,10,1,0,0,0,0,1,0,0,0.0,168.0,230.15,133.0,0.577883989,1.730451128,0,1,0.0,0.0,0.0,0.0
trans-2-hexene,C6H12,2,2,2,0,0,0,0,1,0,0,0.0,84.0,140.15,85.0,0.606493043,1.648823529,0,2,0.0,0.0,0.0,0.0
1-heptene,C7H14,1,5,1,0,0,0,0,1,0,0,0.0,98.0,154.25,91.0,0.589951378,1.695054945,0,1,0.0,0.0,0.0,0.0
cis-2-octene,C8H16,2,4,2,0,0,0,0,1,0,0,0.0,112.0,172.95,101.0,0.58398381,1.712376238,0,2,0.0,0.0,0.0,0.0
3-methylhexane,C7H16,3,3,1,0,0,0,0,0,0,0,0.0,100.0,153.875,89.5,0.581640942,1.719273743,0,1,0.0,0.0,0.0,0.0
4-methylnonane,C10H22,3,6,1,0,0,0,0,0,0,0,0.0,142.0,174.15,123.0,0.706287683,1.415853659,0,1,0.0,0.0,0.0,0.0
2-isopropoxyethanol,C5H12O2,2,2,1,0,1,1,0,0,0,0,0.4,104.0,191.58,141.0,0.735984967,1.358723404,0,1,0.0,0.0,0.0,0.0
"2,5-hexanediol",C6H14O2,2,2,2,0,2,0,0,0,0,0,0.3333,118.0,316.15,203.5,0.643681797,1.553562654,0,2,0.0,0.0,0.0,0.0
n-eugenol,C10H12O2,1,2,4,3,1,1,0,5,0,0,0.2,164.0,265.65,192.7,0.725390551,1.378567722,0,7,3.0,1.6666666666666667,1.3333333333333333,0.0
sorbitol,C6H14O6,0,2,4,0,6,0,0,0,0,0,1.0,182.0,378.3833333,269.6666667,0.712681144,1.403152039,0,4,0.0,0.0,0.0,0.0
propylencarbonate,C4H6O3,1,1,1,1,0,2,1,2,0,0,0.75,102.0,222.2333333,159.6666667,0.718464077,1.391858037,0,2,0.0,2.0,1.0,0.0
guajacol,C7H8O2,1,0,4,2,1,1,0,4,0,0,0.2857,124.0,303.0,205.0,0.676567657,1.47804878,0,6,2.0,2.0,2.0,0.0
sucrose,C12H22O11,0,3,8,1,8,3,0,2,0,0,0.9167,342.0,457.67,335.0,0.731968449,1.366179104,0,9,0.125,2.0,8.0,0.0
trehalose,C12H22O11,0,2,10,0,8,3,0,2,0,0,0.9167,342.0,482.4166667,383.0,0.793919502,1.259573542,0,10,0.0,0.0,0.0,0.0
dioctylphthalat,C24H38O4,2,14,4,4,0,2,2,6,0,0,0.1667,390.0,298.15,183.45,0.615294315,1.625238485,0,8,0.0,1.5,1.0,0.0
naphthylsalyciate,C17H12O3,0,0,11,6,1,1,1,12,0,0,0.1765,264.0,368.0,244.0,0.663043478,1.508196721,0,17,6.0,2.0,1.8333333333333333,0.0
vinylacetate,C4H6O2,1,1,1,1,0,1,1,2,0,0,0.5,86.0,180.0,125.0,0.694444444,1.44,0,2,0.0,2.0,1.0,0.0
xylitol,C5H12O5,0,2,3,0,2,0,0,0,0,0,0.4,104.0,366.9416667,248.1166667,0.676174687,1.478907772,0,3,0.0,0.0,0.0,0.0
methyl(s)(-)lactate,C4H8O3,2,0,1,1,1,1,1,1,0,0,0.75,104.0,396.0,286.0,0.722222222,1.384615385,0,2,1.0,1.0,1.0,0.0
(s)-glycerol acetonate,C6H12O3,2,2,1,1,1,2,0,1,0,0,0.5,132.0,384.0,282.0,0.734375,1.361702128,0,2,1.0,1.0,1.0,0.0
(r)-nopol,C11H18O,2,4,3,2,1,0,0,3,0,0,0.0909,166.0,348.0,277.0,0.795977011,1.25631769,0,5,2.0,1.5,1.5,0.0
3-hydroxy-2-methylpropionate,C5H10O3,2,1,1,1,1,1,1,1,0,0,0.6,118.0,376.0,269.0,0.715425532,1.397769517,0,2,1.0,1.0,1.0,0.0
dianins compound,C18H20O2,3,1,8,6,1,1,0,9,0,0,0.1111,268.0,430.0,299.0,0.695348837,1.43812709,0,14,6.0,1.5,1.3333333333333333,0.0
4-(1-idianyl)phenol,C15H14O,0,2,9,4,1,0,0,9,0,0,0.0667,210.0,363.0,269.0,0.741046832,1.349442379,0,13,4.0,2.25,2.25,0.0
2p-hydroxyphenoxytetrahydropyran,C11H14O3,0,4,5,2,1,2,0,5,0,0,0.2727,194.0,358.0,255.0,0.712290503,1.403921569,0,7,2.0,2.5,2.5,0.0
salicin,C13H18O7,0,2,9,2,5,2,0,5,0,0,0.5385,286.0,468.5,333.25,0.7113127,1.405851463,0,11,0.4,2.5,4.5,0.0
cholesterol,C27H46O,5,11,8,3,1,0,0,5,0,0,0.037,386.0,422.0,332.0,0.786729858,1.271084337,0,11,3.0,1.6666666666666667,2.6666666666666665,0.0
beta-d-glucosepentaacetate,C16H22O11,5,1,5,5,0,6,5,6,0,0,0.6875,390.0,395.5,293.5,0.742098609,1.347529813,0,10,0.0,1.2,1.0,0.0
3-pentadecylcyclohexanone,C21H40O,1,18,1,1,0,0,1,2,0,0,0.0476,308.0,313.0,225.0,0.71884984,1.391111111,0,2,0.0,2.0,1.0,0.0
"4,4-dimethoxytetraphenylmethane",C27H24O2,2,0,18,7,0,2,0,16,0,0,0.0741,380.0,452.0,297.0,0.657079646,1.521885522,0,25,0.0,2.2857142857142856,2.5714285714285716,0.0
lactic acid,C3H6O3,1,0,1,1,2,0,1,1,0,0,1.0,90.0,296.3333333,205.6666667,0.694038245,1.440842787,0,2,0.5,1.0,1.0,0.0
epoxypropane,C3H6O,1,1,1,0,0,1,0,1,0,0,0.3333,58.0,160.2,114.7,0.715980025,1.39668701,0,1,0.0,0.0,0.0,0.0
n-butylacetate,C6H12O2,2,3,0,1,0,1,1,1,0,0,0.3333,116.0,194.3,125.7,0.646937725,1.545743835,0,1,0.0,1.0,0.0,0.0
camphor,C10H16O,3,3,2,3,0,0,1,3,0,0,0.0909,166.0,213.0,156.7,0.735680751,1.359285258,0,5,0.0,1.0,0.6666666666666666,0.0
dibutylphthalat,C16H22O4,2,6,4,2,0,2,2,6,0,0,0.2857,250.0,238.15,177.32,0.744572748,1.343052109,0,6,0.0,3.0,2.0,0.0
o-cresol,C13H12O,0,1,9,3,1,0,0,8,0,0,0.0769,184.0,325.6,220.1,0.675982801,1.479327578,0,12,3.0,2.6666666666666665,3.0,0.0
isopropranol,C3H8O,2,0,1,0,1,0,0,0,0,0,0.3333,60.0,185.25,119.9,0.647233468,1.545037531,0,1,0.0,0.0,0.0,0.0
"1,3-butanediol",C4H10O2,1,2,1,0,2,0,0,0,0,0,0.5,90.0,262.76,175.5,0.66790988,1.497207977,0,1,0.0,0.0,0.0,0.0
"2,3-butanediol",C4H10O2,2,0,2,0,2,0,0,0,0,0,0.5,90.0,291.3,195.1,0.669756265,1.493080472,0,2,0.0,0.0,0.0,0.0
m-cresol,C7H8O,1,0,4,1,1,0,0,4,0,0,0.1667,94.0,285.195,198.3,0.695313733,1.438199697,0,5,1.0,4.0,4.0,0.0
mephenesin,C10H14O3,1,2,5,2,2,1,0,4,0,0,0.3,182.0,340.0,247.0,0.726470588,1.376518219,0,7,1.0,2.0,2.5,0.0
estradiol-17b-cypionate,C26H36O3,1,12,8,5,1,1,1,9,0,0,0.1154,396.0,425.0,309.0,0.727058824,1.375404531,0,13,5.0,1.8,1.6,0.0
norethylnodrel,C20H26O2,1,9,4,6,1,0,1,8,0,0,0.1,298.0,453.0,324.0,0.715231788,1.398148148,0,10,6.0,1.3333333333333333,0.6666666666666666,0.0
beta-estradiol-3-benzoate,C25H28O3,1,6,12,6,1,1,1,12,0,0,0.12,376.0,472.0,336.0,0.711864407,1.404761905,0,18,6.0,2.0,2.0,0.0
ursodeoxycholic acid,C24H40O4,3,10,8,3,3,0,1,5,0,0,0.1667,392.0,477.0,378.0,0.79245283,1.261904762,0,11,1.0,1.6666666666666667,2.6666666666666665,0.0
deoxycholic acid,C24H40O4,3,10,8,3,3,0,1,5,0,0,0.1667,392.0,447.0,377.0,0.843400447,1.185676393,0,11,1.0,1.6666666666666667,2.6666666666666665,0.0
cholic acid,C24H40O5,3,9,9,3,4,0,1,5,0,0,0.2083,408.0,473.0,393.0,0.830866808,1.203562341,0,12,0.75,1.6666666666666667,3.0,0.0
lactose,C12H22O11,0,2,10,0,8,3,0,2,0,0,0.9167,342.0,494.3333333,382.8833333,0.774544842,1.291080834,0,10,0.0,0.0,0.0,0.0
diethylhexylphthalat,C24H38O4,4,10,6,4,0,2,2,6,0,0,0.1667,390.0,218.15,184.0,0.843456337,1.185597826,0,10,0.0,1.5,1.5,0.0
cholecalciterol,C27H44O,4,12,7,4,1,0,0,6,0,0,0.037,384.0,352.0,296.0,0.840909091,1.189189189,0,11,4.0,1.5,1.75,0.0
diethylstilbestrol,C18H20O2,2,2,8,6,2,0,0,9,0,0,0.1111,268.0,439.0,308.0,0.701594533,1.425324675,0,14,3.0,1.5,1.3333333333333333,0.0
dehydrocholic acid,C24H34O5,3,9,6,6,1,0,4,8,0,0,0.2083,402.0,502.0,348.0,0.693227092,1.442528736,0,12,6.0,1.3333333333333333,1.0,0.0
cellobiose,C12H22O11,0,2,10,0,8,3,0,2,0,0,0.9167,342.0,507.4333333,367.7666667,0.724758589,1.379769781,0,10,0.0,0.0,0.0,0.0
17b-estradiol,C18H24O2,1,6,7,4,2,0,0,7,0,0,0.1111,272.0,445.0,354.0,0.795505618,1.257062147,0,11,2.0,1.75,1.75,0.0
aspirin,C9H8O4,1,0,4,4,1,1,1,6,0,0,0.3333,164.0,408.0,243.0,0.595588235,1.679012346,0,8,4.0,1.5,1.0,0.0
methyltestosterone,C20H30O2,3,8,4,5,1,0,1,6,0,0,0.1,302.0,421.0,270.0,0.641330166,1.559259259,0,9,5.0,1.2,0.8,0.0
progesterone,C21H30O2,3,8,5,5,0,0,2,7,0,0,0.0952,314.0,399.0,279.0,0.69924812,1.430107527,0,10,0.0,1.4,1.0,0.0
citric acid,C6H8O7,0,2,0,4,4,0,3,3,0,0,1.1667,192.0,427.0,283.5083333,0.663953942,1.506128568,0,4,1.0,0.75,0.0,0.0
ergocalciferol,C28H44O,5,9,10,4,1,0,0,7,0,0,0.0357,396.0,376.0,290.0,0.771276596,1.296551724,0,14,4.0,1.75,2.5,0.0
n-nonanol,C9H20O,1,8,0,0,1,0,0,0,0,0,0.1111,144.0,268.15,153.0,0.57057617,1.752614379,0,0,0.0,0.0,0.0,0.0
2-pentanol,C5H12O,2,2,1,0,1,0,0,0,0,0,0.2,88.0,200.15,140.0,0.699475393,1.429642857,0,1,0.0,0.0,0.0,0.0
3-pentanol,C5H12O,2,2,1,0,1,0,0,0,0,0,0.2,88.0,204.15,143.0,0.700465344,1.427622378,0,1,0.0,0.0,0.0,0.0
2-octanol,C8H18O,2,5,1,0,1,0,0,0,0,0,0.125,130.0,241.55,166.0,0.687228317,1.455120482,0,1,0.0,0.0,0.0,0.0
4-hetpanol,C7H16O,2,4,1,0,1,0,0,0,0,0,0.1429,116.0,231.95,166.0,0.715671481,1.397289157,0,1,0.0,0.0,0.0,0.0
4-decanol,C10H22O,2,7,1,0,1,0,0,0,0,0,0.1,158.0,262.15,181.0,0.690444402,1.448342541,0,1,0.0,0.0,0.0,0.0
3-methyl-4-octanol,C9H20O,3,4,2,0,1,0,0,0,0,0,0.1111,144.0,221.51,180.0,0.812604397,1.230611111,0,2,0.0,0.0,0.0,0.0
2-methyl-2-propanol,C4H10O,3,1,0,1,1,0,0,0,0,0,0.2,88.0,299.9466667,172.6666667,0.575657895,1.737142857,0,1,1.0,0.0,0.0,0.0
2-methyl-2-propanol,C4H10O,3,0,0,1,1,0,0,0,0,0,0.25,74.0,299.9466667,172.6666667,0.575657895,1.737142857,0,1,1.0,0.0,0.0,0.0
2-methyl-2-butanol,C5H12O,3,1,0,1,1,0,0,0,0,0,0.2,88.0,264.05,154.0,0.583222874,1.71461039,0,1,1.0,0.0,0.0,0.0
2-methyl-2-heptanol,C8H18O,3,4,0,1,1,0,0,0,0,0,0.125,130.0,222.75,178.0,0.799102132,1.251404494,0,1,1.0,0.0,0.0,0.0
4-methyl-4-heptanol,C8H18O,3,4,0,1,1,0,0,0,0,0,0.125,130.0,191.15,170.0,0.889353911,1.124411765,0,1,1.0,0.0,0.0,0.0
6-methyl-3-heptanol,C8H18O,3,3,2,0,1,0,0,0,0,0,0.125,130.0,213.15,159.0,0.745953554,1.340566038,0,2,0.0,0.0,0.0,0.0
3-methyl-3-heptanol,C8H18O,3,4,0,1,1,0,0,0,0,0,0.125,130.0,190.15,151.0,0.794109913,1.259271523,0,1,1.0,0.0,0.0,0.0
6-methyl-1-heptanol,C8H18O,2,5,1,0,1,0,0,0,0,0,0.125,130.0,167.15,140.0,0.837571044,1.193928571,0,1,0.0,0.0,0.0,0.0
diethylether,C4H10O,2,2,0,0,0,1,0,0,0,0,0.25,74.0,156.95,92.55,0.589678241,1.695840086,0,0,0.0,0.0,0.0,0.0
diisopropylether,C6H14O,4,0,2,0,0,1,0,0,0,0,0.1667,102.0,187.75,101.35,0.539813582,1.852491367,0,2,0.0,0.0,0.0,0.0
acetone,C3H6O,2,0,0,1,0,0,1,1,0,0,0.3333,58.0,178.45,100.15,0.561221631,1.781827259,0,1,0.0,1.0,0.0,0.0
methylethylketone,C4H8O,2,1,0,1,0,0,1,1,0,0,0.25,72.0,186.51,111.0,0.595142352,1.68027027,0,1,0.0,1.0,0.0,0.0
methylisobutylketone,C6H12O,3,1,0,1,0,0,1,1,0,0,0.2,86.0,189.15,119.85,0.633624108,1.578222778,0,1,0.0,1.0,0.0,0.0
ethyl acetate,C4H8O2,2,1,0,1,0,1,1,1,0,0,0.5,88.0,189.375,116.825,0.61689769,1.621014338,0,1,0.0,1.0,0.0,0.0
benzaldehyde,C7H6O,0,0,6,1,0,0,1,5,0,0,0.1429,106.0,216.05,149.0,0.689655172,1.45,0,7,0.0,5.0,6.0,0.0
acetophenone,C8H8O,1,0,5,2,0,0,1,5,0,0,0.125,120.0,293.65,161.0,0.548271752,1.823913043,0,7,0.0,2.5,2.5,0.0
"1,3,5-trinaphthylbenzene",C36H24,0,0,24,12,0,0,0,25,0,0,0.0,456.0,472.0,342.0,0.724576271,1.380116959,0,36,0.0,2.0833333333333335,2.0,0.0
decalin,C10H18,0,8,2,0,0,0,0,2,0,0,0.0,138.0,233.15,137.4,0.58932018,1.696870451,0,2,0.0,0.0,0.0,0.0
3-methoxy-1-butanol,C5H12O2,2,2,1,0,1,1,0,0,0,0,0.4,104.0,214.0,146.1,0.68271028,1.464750171,0,1,0.0,0.0,0.0,0.0
"2,4-pentanediol",C5H12O2,2,1,2,0,2,0,0,0,0,0,0.4,104.0,318.15,205.9,0.647179004,1.545167557,0,2,0.0,0.0,0.0,0.0
2-methyl-1-butanol,C5H12O,2,2,1,0,1,0,0,0,0,0,0.2,88.0,175.5,127.3,0.725356125,1.37863315,0,1,0.0,0.0,0.0,0.0
2-ethyl-1-butanol,C6H14O,2,3,1,0,1,0,0,0,0,0,0.1667,102.0,221.15,131.0,0.592358128,1.688167939,0,1,0.0,0.0,0.0,0.0
3-methyl-2-pentanol,C6H14O,3,1,2,0,1,0,0,0,0,0,0.1667,102.0,206.5,150.9,0.730750605,1.368455931,0,2,0.0,0.0,0.0,0.0
4-methyl-2-pentanol,C6H14O,3,1,2,0,1,0,0,0,0,0,0.1667,102.0,183.15,157.1,0.857766858,1.16581795,0,2,0.0,0.0,0.0,0.0
5-methyl-2-hexanol,C7H16O,3,2,2,0,1,0,0,0,0,0,0.1429,116.0,199.0,152.1,0.764321608,1.30834977,0,2,0.0,0.0,0.0,0.0
3-methyl-4-hexanol,C7H16O,3,2,2,0,1,0,0,0,0,0,0.1429,116.0,199.0,163.0,0.819095477,1.220858896,0,2,0.0,0.0,0.0,0.0
4-methyl-3-heptanol,C8H18O,3,3,2,0,1,0,0,0,0,0,0.125,130.0,180.575,161.8,0.896026582,1.116038319,0,2,0.0,0.0,0.0,0.0
3-methyl-4-heptanol,C8H18O,3,3,2,0,1,0,0,0,0,0,0.125,130.0,212.0,173.0,0.816037736,1.225433526,0,2,0.0,0.0,0.0,0.0
6-methyl-2-heptanol,C8H18O,3,3,2,0,1,0,0,0,0,0,0.125,130.0,188.0,159.0,0.845744681,1.182389937,0,2,0.0,0.0,0.0,0.0
4-methyl-1-heptanol,C8H18O,2,5,1,0,1,0,0,0,0,0,0.125,130.0,212.0,138.0,0.650943396,1.536231884,0,1,0.0,0.0,0.0,0.0
2-methyl-1-heptanol,C8H18O,2,5,1,0,1,0,0,0,0,0,0.125,130.0,161.15,151.0,0.937015203,1.067218543,0,1,0.0,0.0,0.0,0.0
2-methyl-3-heptanol,C8H18O,3,3,2,0,1,0,0,0,0,0,0.125,130.0,188.15,158.0,0.839755514,1.190822785,0,2,0.0,0.0,0.0,0.0
3-methylpentane,C6H14,3,2,1,0,0,0,0,0,0,0,0.0,86.0,110.25,80.66666667,0.731670446,1.366735537,0,1,0.0,0.0,0.0,0.0
isopropylbenzene,C9H12,2,0,6,1,0,0,0,4,0,0,0.0,120.0,177.078,125.86,0.71076023,1.406944224,0,7,0.0,4.0,6.0,0.0
diisobutylphthalat,C16H22O4,4,2,6,4,0,2,1,6,0,0,0.1875,262.0,209.15,189.55,0.906287354,1.103402796,0,10,0.0,1.5,1.5,0.0
"1,4-pentanediol",C5H12O2,1,3,1,0,2,0,0,0,0,0,0.4,104.0,253.0,175.8,0.69486166,1.439135381,0,1,0.0,0.0,0.0,0.0
"1,2-pentanediol",C5H12O2,1,3,1,0,2,0,0,0,0,0,0.4,104.0,253.0,181.0,0.71541502,1.397790055,0,1,0.0,0.0,0.0,0.0
"1,5-hexanediol",C6H14O2,1,4,1,0,2,0,0,0,0,0,0.3333,118.0,264.0,179.4,0.679545455,1.471571906,0,1,0.0,0.0,0.0,0.0
iso-eugenol,C10H12O2,2,0,5,3,1,1,0,5,0,0,0.2,164.0,294.15,220.1,0.748257692,1.336437983,0,8,3.0,1.6666666666666667,1.6666666666666667,0.0
2-methyltetrahydrofuran,C5H10O,1,3,1,0,0,1,0,1,0,0,0.2,86.0,137.0,91.0,0.664233577,1.505494505,0,1,0.0,0.0,0.0,0.0
menthol,C10H20O,3,3,4,0,1,0,0,1,0,0,0.1,156.0,389.0,306.0,0.786632391,1.27124183,0,4,0.0,0.0,0.0,0.0
n-butylbenzene,C10H14,1,3,5,1,0,0,0,4,0,0,0.0,134.0,185.15,124.5,0.672427761,1.487148594,0,6,0.0,4.0,5.0,0.0
cyclohexanol,C6H12O,0,5,1,0,1,0,0,1,0,0,0.1667,100.0,173.0,150.5,0.869942197,1.149501661,0,1,0.0,0.0,0.0,0.0
cycloheptanol,C7H14O,0,6,1,0,1,0,0,1,0,0,0.1429,114.0,280.0,140.0,0.5,2.0,0,1,0.0,0.0,0.0,0.0
cycloheptane,C7H14,0,7,0,0,0,0,0,1,0,0,0.0,98.0,265.0,83.0,0.313207547,3.192771084,0,0,0.0,0.0,0.0,0.0
"2,3-dimethylbutane",C6H14,4,0,2,0,0,0,0,0,0,0,0.0,86.0,145.0,76.0,0.524137931,1.907894737,0,2,0.0,0.0,0.0,0.0
1-phenyl-1-propanol,C9H12O,1,1,6,1,1,0,0,4,0,0,0.1111,136.0,263.43,195.9,0.743651065,1.344716692,0,7,1.0,4.0,6.0,0.0
"1,2-butanediol",C4H10O2,1,2,1,0,2,0,0,0,0,0,0.5,90.0,241.0,178.9,0.742323651,1.347121297,0,1,0.0,0.0,0.0,0.0
chenodeoxycholic acid,C24H40O4,3,10,8,3,3,0,1,5,0,0,0.1667,392.0,436.0,371.0,0.850917431,1.175202156,0,11,1.0,1.6666666666666667,2.6666666666666665,0.0
cis-2-heptene,C7H14,2,3,2,0,0,0,0,1,0,0,0.0,98.0,164.15,93.0,0.56655498,1.765053763,0,2,0.0,0.0,0.0,0.0
2-methyl-1-pentanol,C6H14O,2,3,1,0,1,0,0,0,0,0,0.1667,102.0,203.0,143.0,0.704433498,1.41958042,0,1,0.0,0.0,0.0,0.0
"2,2-dimethyl-1-butanol",C6H14O,3,2,0,1,1,0,0,0,0,0,0.1667,102.0,258.15,158.0,0.612047259,1.633860759,0,1,1.0,0.0,0.0,0.0
"2,2-dimethyl-1-pentanol",C7H16O,3,3,0,1,1,0,0,0,0,0,0.1429,116.0,243.0,166.0,0.683127572,1.463855422,0,1,1.0,0.0,0.0,0.0
"2,2-dimethyl-1-hexanol",C8H18O,3,4,0,1,1,0,0,0,0,0,0.125,130.0,243.0,173.0,0.711934156,1.404624277,0,1,1.0,0.0,0.0,0.0
2-hexanol,C6H14O,2,3,1,0,1,0,0,0,0,0,0.1667,102.0,253.15,148.0,0.584633616,1.710472973,0,1,0.0,0.0,0.0,0.0
3-hexanol,C6H14O,2,3,1,0,1,0,0,0,0,0,0.1667,102.0,279.0,153.0,0.548387097,1.823529412,0,1,0.0,0.0,0.0,0.0
3-heptanol,C7H16O,2,4,1,0,1,0,0,0,0,0,0.1429,116.0,203.15,158.0,0.777750431,1.285759494,0,1,0.0,0.0,0.0,0.0
2-heptanol,C7H16O,2,4,1,0,1,0,0,0,0,0,0.1429,116.0,214.0,155.0,0.724299065,1.380645161,0,1,0.0,0.0,0.0,0.0
4-nonanol,C9H20O,2,6,1,0,1,0,0,0,0,0,0.1111,144.0,237.0,175.0,0.738396624,1.354285714,0,1,0.0,0.0,0.0,0.0
3-methyl-4-nonanol,C10H22O,3,5,2,0,1,0,0,0,0,0,0.1,158.0,265.7,186.0,0.700037636,1.428494624,0,2,0.0,0.0,0.0,0.0
2-methyl-2-pentanol,C6H14O,3,2,0,1,1,0,0,0,0,0,0.1667,102.0,170.15,163.0,0.957978254,1.043865031,0,1,1.0,0.0,0.0,0.0
2-methyl-2-hexanol,C7H16O,3,3,0,1,1,0,0,0,0,0,0.1429,116.0,243.0,173.0,0.711934156,1.404624277,0,1,1.0,0.0,0.0,0.0
4-methy-4-octanol,C9H20O,3,5,0,1,1,0,0,0,0,0,0.1111,144.0,254.43,178.0,0.699603034,1.429382022,0,1,1.0,0.0,0.0,0.0
4-methyl-4-nonanol,C10H22O,3,6,0,1,1,0,0,0,0,0,0.1,158.0,272.0,185.0,0.680147059,1.47027027,0,1,1.0,0.0,0.0,0.0
4-methyl-undecane,C12H26,3,8,1,0,0,0,0,0,0,0,0.0,170.0,206.5,135.0,0.653753027,1.52962963,0,1,0.0,0.0,0.0,0.0
n-butanol,C4H10O,1,3,0,0,1,0,0,0,0,0,0.25,74.0,184.1166667,113.8633333,0.618430343,1.616996985,0,0,0.0,0.0,0.0,0.0
xylose,C5H10O5,0,1,3,1,5,0,1,1,0,0,1.2,166.0,423.3333333,282.6666667,0.667716536,1.497641509,0,4,0.2,1.0,3.0,0.0
fructose,C6H12O6,0,2,3,1,5,1,0,1,0,0,1.0,180.0,373.63,280.8,0.751545647,1.330591168,0,4,0.2,1.0,3.0,0.0
n-heptanol,C7H16O,1,6,0,0,1,0,0,0,0,0,0.1429,116.0,240.0,141.15,0.588125,1.70031881,0,0,0.0,0.0,0.0,0.0
n-octanol,C8H18O,1,7,0,0,1,0,0,0,0,0,0.125,130.0,258.35,149.85,0.580027095,1.724057391,0,0,0.0,0.0,0.0,0.0
3-methyl-1-butanol,C5H12O,2,2,1,0,1,0,0,0,0,0,0.2,88.0,155.95,123.2,0.789996794,1.265827922,0,1,0.0,0.0,0.0,0.0
"1,2,4-butanetriol",C4H10O3,0,3,1,0,3,0,0,0,0,0,0.75,106.0,253.15,200.7,0.792810587,1.261335326,0,1,0.0,0.0,0.0,0.0
benzene,C6H6,0,0,6,0,0,0,0,4,0,0,0.0,78.0,279.15,118.0,0.422711804,2.365677966,0,6,0.0,0.0,0.0,0.0
"2,4,6-trimethylheptane",C10H22,5,2,3,0,0,0,0,0,0,0,0.0,142.0,219.16,126.0,0.574922431,1.739365079,0,3,0.0,0.0,0.0,0.0
santonin,C15H18O3,3,2,5,5,0,1,2,7,0,0,0.2,246.0,434.0,290.0,0.668202765,1.496551724,0,10,0.0,1.4,1.0,0.0
maltotetraose,C24H42O21,0,4,20,0,14,7,0,4,0,0,0.875,666.0,484.0,411.0,0.849173554,1.177615572,0,20,0.0,0.0,0.0,0.0
malic acid,C4H6O5,0,1,1,2,3,0,2,2,0,0,1.25,134.0,405.0,255.0,0.62962963,1.588235294,0,3,0.6666666666666666,1.0,0.5,0.0
pinonic acid,C10H16O3,3,2,2,3,1,0,2,3,0,0,0.3,184.0,376.68,265.0,0.70351492,1.421433962,0,5,3.0,1.0,0.6666666666666666,0.0
"2-methylbutane-1,2,3,4-tetraol",C5H12O4,1,2,1,1,4,0,0,0,0,0,0.8,136.0,363.0,241.5,0.665289256,1.50310559,0,2,0.25,0.0,1.0,0.0
"1,2-isopooh",C5H10O3,1,2,1,1,2,1,0,1,0,0,0.6,118.0,220.0,142.0,0.645454545,1.549295775,0,2,0.5,1.0,1.0,0.0
trans-beta-iepox,C5H10O3,1,2,1,1,2,1,0,1,0,0,0.6,118.0,220.0,167.14,0.759727273,1.316261816,0,2,0.5,1.0,1.0,0.0
pinic acid,C9H14O4,2,2,2,3,2,0,2,3,0,0,0.4444,186.0,364.32,268.1,0.735891524,1.358895934,0,5,1.5,1.0,0.6666666666666666,0.0
"2,4-dimethyl-3-pentanol",C7H16O,4,0,3,0,1,0,0,0,0,0,0.1429,116.0,203.15,193.0,0.950036919,1.052590674,0,3,0.0,0.0,0.0,0.0
erythritol,C4H10O4,0,2,2,0,4,0,0,0,0,0,1.0,122.0,394.0,229.65,0.58286802,1.715654256,0,2,0.0,0.0,0.0,0.0
"2-ethyl-1,3-hexanediol",C816O2,2,4,2,0,2,0,0,0,0,0,0.25,146.0,272.0,208.9,0.768014706,1.302058401,0,2,0.0,0.0,0.0,0.0
"1,2,7-heptanetriol",C7H16O3,0,6,1,0,3,0,0,0,0,0,0.4286,148.0,336.0,200.3,0.596130952,1.677483774,0,1,0.0,0.0,0.0,0.0
"1,2,6-hexanetriol",C6H14O3,0,5,1,0,3,0,0,0,0,0,0.5,134.0,300.0,204.15,0.6805,1.469507715,0,1,0.0,0.0,0.0,0.0
mannitol,C6H14O6,0,2,4,0,6,0,0,0,0,0,1.0,182.0,437.0,282.95,0.647482838,1.544442481,0,4,0.0,0.0,0.0,0.0
"2-methyl-1,3-propanediol",C4H10O2,1,2,1,0,2,0,0,0,0,0,0.5,90.0,242.0,167.0,0.690082645,1.449101796,0,1,0.0,0.0,0.0,0.0
3-methyl-2-butanol,C5H12O,3,0,2,0,1,0,0,0,0,0,0.2,88.0,222.0,154.0,0.693693694,1.441558442,0,2,0.0,0.0,0.0,0.0
"3-methyl-1,3,5-pentanetriol",C6H14O3,1,4,0,1,3,0,0,0,0,0,0.5,134.0,342.0,205.7,0.601461988,1.662615459,0,1,0.3333333333333333,0.0,0.0,0.0
"1,3-propanediol",C3H8O2,0,3,0,0,2,0,0,0,0,0,0.6667,76.0,246.5,147.5,0.598377282,1.671186441,0,0,0.0,0.0,0.0,0.0
arabitol,C5H12O5,0,2,3,0,5,0,0,0,0,0,1.0,152.0,375.0,261.0,0.696,1.436781609,0,3,0.0,0.0,0.0,0.0
ribitol,C5H12O5,0,2,3,0,5,0,0,0,0,0,1.0,152.0,369.0,252.0,0.682926829,1.464285714,0,3,0.0,0.0,0.0,0.0
threitol,C4H10O4,0,2,2,0,4,0,0,0,0,0,1.0,122.0,363.0,226.3,0.623415978,1.6040654,0,2,0.0,0.0,0.0,0.0
altrose,C6H12O6,0,1,4,1,5,0,1,1,0,0,1.0,180.0,377.0,283.5,0.75198939,1.329805996,0,5,0.2,1.0,4.0,0.0
arabinose,C5H10O5,0,1,3,1,4,0,1,1,0,0,1.0,150.0,433.0,274.0,0.632794457,1.580291971,0,4,0.25,1.0,3.0,0.0
galactose,C6H12O6,0,1,4,1,5,0,1,1,0,0,1.0,180.0,439.0,304.0,0.692482916,1.444078947,0,5,0.2,1.0,4.0,0.0
gentiobiose,C12H22O11,0,2,10,0,8,3,0,2,0,0,0.9167,342.0,482.0,366.5,0.760373444,1.315143247,0,10,0.0,0.0,0.0,0.0
isomalt,C12H24O11,0,3,9,0,9,2,0,1,0,0,0.9167,344.0,420.75,307.0,0.729649436,1.370521173,0,9,0.0,0.0,0.0,0.0
isomaltose,C12H22O11,0,2,10,0,8,3,0,2,0,0,0.9167,342.0,498.15,351.0,0.704607046,1.419230769,0,10,0.0,0.0,0.0,0.0
isomaltulose,C12H22O11,0,3,8,1,8,3,0,2,0,0,0.9167,342.0,396.15,342.1,0.863561782,1.157994738,0,9,0.125,2.0,8.0,0.0
kojibiose,C12H22O11,0,2,10,0,8,2,1,2,0,0,0.9167,342.0,461.0,359.0,0.778741866,1.284122563,0,10,0.0,0.0,0.0,0.0
lactulose,C12H22O11,0,3,8,1,8,3,0,2,0,0,0.9167,342.0,442.0,367.4,0.831221719,1.203048449,0,9,0.125,2.0,8.0,0.0
leucrose,C12H22O11,0,3,8,1,8,2,1,2,0,0,0.9167,342.0,435.0,362.7,0.833793103,1.199338296,0,9,0.125,2.0,8.0,0.0
levoglucosan,C6H10O5,0,1,5,0,3,2,0,2,0,0,0.8333,162.0,456.0,248.4,0.544736842,1.835748792,0,5,0.0,0.0,0.0,0.0
lyxose,C5H10O5,0,1,3,1,4,0,1,1,0,0,1.0,150.0,383.15,277.1,0.723215451,1.382713822,0,4,0.25,1.0,3.0,0.0
maltoheptaose,C42H72O36,0,7,35,0,23,13,0,7,0,0,0.8571,1152.0,435.0,423.0,0.972413793,1.028368794,0,35,0.0,0.0,0.0,0.0
maltohexaose,C36H62O31,0,6,30,0,20,11,0,6,0,0,0.8611,990.0,479.15,433.0,0.903683606,1.106581986,0,30,0.0,0.0,0.0,0.0
maltopentaose,C30H52O26,0,5,25,0,17,9,0,5,0,0,0.8667,828.0,441.15,426.5,0.966791341,1.034349355,0,25,0.0,0.0,0.0,0.0
maltose,C12H22O11,0,2,10,0,8,3,0,2,0,0,0.9167,342.0,436.0,366.4,0.840366972,1.189956332,0,10,0.0,0.0,0.0,0.0
maltotriose,C18H32O16,0,3,15,0,11,5,0,3,0,0,0.8889,504.0,407.0,395.0,0.970515971,1.030379747,0,15,0.0,0.0,0.0,0.0
mannose,C6H12O6,0,1,4,1,5,0,1,1,0,0,1.0,180.0,405.15,303.5,0.74910527,1.334925865,0,5,0.2,1.0,4.0,0.0
mannobiose,C12H22O11,0,2,10,0,8,3,0,2,0,0,0.9167,342.0,476.65,363.0,0.76156509,1.313085399,0,10,0.0,0.0,0.0,0.0
melibiose,C12H22O11,0,2,10,0,8,3,0,2,0,0,0.9167,342.0,457.0,366.8333333,0.80269876,1.245797365,0,10,0.0,0.0,0.0,0.0
nigerose,C12H22O11,0,2,10,0,8,3,0,2,0,0,0.9167,342.0,429.0,362.0,0.843822844,1.185082873,0,10,0.0,0.0,0.0,0.0
nystose,C24H42O21,0,7,14,3,14,7,0,4,0,0,0.875,666.0,405.0,350.0,0.864197531,1.157142857,0,17,0.21428571428571427,1.3333333333333333,4.666666666666667,0.0
raffinose,C18H32O16,0,4,13,1,11,5,0,3,0,0,0.8889,504.0,416.0,381.7142857,0.917582418,1.089820359,0,14,0.09090909090909091,3.0,13.0,0.0
rhamnose,C6H12O5,1,0,4,1,4,0,1,1,0,0,0.8333,164.0,355.0,283.0,0.797183099,1.254416961,0,5,0.25,1.0,4.0,0.0
fucose,C6H12O5,1,0,4,1,4,0,1,1,0,0,0.8333,164.0,413.0,299.0,0.723970944,1.381270903,0,5,0.25,1.0,4.0,0.0
sorbose,C6H12O6,0,2,3,1,5,0,1,1,0,0,1.0,180.0,436.0,292.0,0.669724771,1.493150685,0,4,0.2,1.0,3.0,0.0
stachyose,C24H42O21,0,5,18,1,14,7,0,4,0,0,0.875,666.0,441.0,396.0,0.897959184,1.113636364,0,19,0.07142857142857142,4.0,18.0,0.0
talose,C6H12O6,0,1,4,1,5,0,1,1,0,0,1.0,180.0,407.0,284.7,0.6995086,1.429574991,0,5,0.2,1.0,4.0,0.0
turanose,C12H22O11,0,3,8,1,8,2,1,2,0,0,0.9167,342.0,441.0,343.2,0.778231293,1.284965035,0,9,0.125,2.0,8.0,0.0
"3-methyl-1,2,3-butanetricarboxylic acid",C8H12O6,2,1,1,4,3,0,3,3,0,0,0.75,204.0,416.15,305.0,0.732908807,1.36442623,0,5,1.3333333333333333,0.75,0.25,0.0
cyclooctanol,C8H16O,0,7,1,0,1,0,0,1,0,0,0.125,128.0,293.0,168.0,0.57337884,1.744047619,0,1,0.0,0.0,0.0,0.0
"1,2-dimethylcyclohexane",C8H16,2,4,2,0,0,0,0,1,0,0,0.0,112.0,201.0,97.0,0.482587065,2.072164948,0,2,0.0,0.0,0.0,0.0
2-methylbutane,C5H12,3,1,1,0,0,0,0,0,0,0,0.0,72.0,113.0,76.0,0.672566372,1.486842105,0,1,0.0,0.0,0.0,0.0
4-methylcyclohexen,C7H12,1,3,3,0,0,0,0,2,0,0,0.0,96.0,158.0,94.0,0.594936709,1.680851064,0,3,0.0,0.0,0.0,0.0
acetaldehyd,C2H4O,1,0,0,1,0,0,1,1,0,0,0.5,44.0,149.0,82.0,0.55033557,1.817073171,0,1,0.0,1.0,0.0,0.0
butyronitrile,C4H7N,1,2,0,1,0,0,0,2,1,0,0.0,69.0,161.25,97.0,0.601550388,1.662371134,0,1,0.0,2.0,0.0,0.0
4-cyanoaniline,C7H6N2,0,0,4,3,0,0,0,6,2,0,0.0,118.0,465.0,314.0,0.675268817,1.48089172,0,7,0.0,2.0,1.3333333333333333,0.0
1-naphthylamine,C10H9N,0,0,7,3,0,0,0,7,1,0,0.0,143.0,500.0,306.0,0.612,1.633986928,0,10,0.0,2.3333333333333335,2.3333333333333335,0.0
2-naphthylamine,C10H9N,0,0,7,3,0,0,0,7,1,0,0.0,143.0,458.0,304.0,0.663755459,1.506578947,0,10,0.0,2.3333333333333335,2.3333333333333335,0.0
m-toluidine,C7H9N,3,0,3,3,0,0,0,4,1,0,0.0,107.0,242.325,187.0,0.771690911,1.295855615,0,6,0.0,1.3333333333333333,1.0,0.0
triethylamine,C6H15N,3,3,0,0,0,0,0,0,1,0,0.0,101.0,158.45,103.15,0.650994004,1.536112458,0,0,0.0,0.0,0.0,0.0
pyridine,C5H5N,0,0,5,0,0,0,0,4,1,0,0.0,79.0,231.45,127.45,0.55065889,1.816006277,0,5,0.0,0.0,0.0,0.0
2-methoxy-4-nitroaniline,C7H8N2O3,1,0,3,3,0,1,2,5,2,0,0.4286,168.0,457.0,330.5,0.723194748,1.382753404,0,6,0.0,1.6666666666666667,1.0,0.0
4-nitroaniline,C6H6N2O2,0,0,4,2,0,0,2,5,2,0,0.3333,138.0,452.0,318.0,0.703539823,1.421383648,0,6,0.0,2.5,2.0,0.0
4-nitro-1-naphthylamine,C10H8N2O2,0,0,6,4,0,0,2,8,2,0,0.2,188.0,448.0,305.0,0.680803571,1.468852459,0,10,0.0,2.0,1.5,0.0
2-nitroaniline,C6H6N2O2,0,0,4,2,0,0,2,5,2,0,0.3333,138.0,454.0,299.0,0.658590308,1.518394649,0,6,0.0,2.5,2.0,0.0
3-nitroaniline,C6H6N2O2,0,0,4,2,0,0,2,5,2,0,0.3333,138.0,431.0,301.0,0.69837587,1.431893688,0,6,0.0,2.5,2.0,0.0
4-methoxyaniline,C7H9NO,1,0,4,2,0,1,0,4,1,0,0.1429,123.0,453.0,287.0,0.633554084,1.578397213,0,6,0.0,2.0,2.0,0.0
cinchonine,C19H22N2O,0,5,11,3,1,0,0,10,2,0,0.0526,194.0,522.0,395.0,0.756704981,1.321518987,0,14,3.0,3.3333333333333335,3.6666666666666665,0.0
brucine,C23H26N2O4,2,6,8,7,0,3,1,12,2,0,0.1739,394.0,451.0,367.0,0.813747228,1.228882834,0,15,0.0,1.7142857142857142,1.1428571428571428,0.0
cinchonidine,C19H22N2O,0,5,11,3,1,0,0,10,2,0,0.0526,194.0,476.0,377.0,0.792016807,1.262599469,0,14,3.0,3.3333333333333335,3.6666666666666665,0.0
piperine,C17H19NO3,0,6,7,4,0,2,1,9,1,0,0.1765,285.0,401.0,284.0,0.708229426,1.411971831,0,11,0.0,2.25,1.75,0.0
benzyl n-phenylcarbamate,C13H11NO2,0,1,10,3,0,1,1,9,1,0,0.1429,227.0,354.0,233.0,0.65819209,1.519313305,0,13,0.0,3.0,3.3333333333333335,0.0
methyl n-phenylcarbamate,C8H9NO2,1,0,5,2,0,1,1,5,1,0,0.25,151.0,325.0,218.0,0.670769231,1.490825688,0,7,0.0,2.5,2.5,0.0
ethyl n-phenylcarbamate,C9H11NO2,1,1,5,2,0,1,1,5,1,0,0.2222,165.0,326.0,213.0,0.653374233,1.530516432,0,7,0.0,2.5,2.5,0.0
propyl n-phenylcarbamate,C10H13NO2,1,2,5,2,0,1,1,5,1,0,0.2,179.0,331.0,203.0,0.613293051,1.630541872,0,7,0.0,2.5,2.5,0.0
dibucaine,C20H29N3O2,3,7,5,5,0,1,1,8,3,0,0.1,343.0,336.0,246.0,0.732142857,1.365853659,0,10,0.0,1.6,1.0,0.0
proxyphylline,C10H14N4O3,3,1,2,4,1,0,2,6,4,0,0.3,238.0,403.0,295.0,0.732009926,1.366101695,0,6,4.0,1.5,0.5,0.0
proxyphylline,C10H14N4O3,3,1,2,4,1,0,2,5,4,0,0.3,238.0,403.0,295.0,0.732009926,1.366101695,0,6,4.0,1.25,0.5,0.0
eserine,C15H21N3O2,4,2,4,5,0,1,1,7,3,0,0.1333,275.0,378.0,297.0,0.785714286,1.272727273,0,9,0.0,1.4,0.8,0.0
nialamide,C16H18N4O2,0,3,9,4,0,0,2,10,3,0,0.125,298.0,427.0,297.0,0.695550351,1.437710438,0,13,0.0,2.5,2.25,0.0
nialamide,C16H18N4O2,0,3,9,4,0,0,2,10,4,0,0.125,298.0,427.0,297.0,0.695550351,1.437710438,0,13,0.0,2.5,2.25,0.0
acetaminophen,C8H9NO2,1,0,4,3,1,0,1,5,1,0,0.25,151.0,419.0,299.0,0.713603819,1.401337793,0,7,3.0,1.6666666666666667,1.3333333333333333,0.0
diphylline,C10H14N4O4,2,2,2,4,2,0,2,6,4,0,0.4,254.0,438.0,315.0,0.719178082,1.39047619,0,6,2.0,1.5,0.5,0.0
nitrendipine,C18H20N2O6,4,1,4,9,0,2,4,10,2,0,0.3333,360.0,429.0,303.0,0.706293706,1.415841584,0,13,0.0,1.1111111111111112,0.4444444444444444,0.0
phenobarbital,C12H12N2O3,1,1,5,5,0,0,3,8,2,0,0.25,232.0,447.3833333,318.3333333,0.711544909,1.40539267,0,10,0.0,1.6,1.0,0.0
quinidine,C20H24N2O2,1,5,10,4,1,1,0,10,2,0,0.1,324.0,445.0,326.0,0.73258427,1.365030675,0,14,4.0,2.5,2.5,0.0
antipyrine,C11H12N2O,2,0,6,3,0,0,1,7,2,0,0.0909,188.0,380.0,256.0,0.673684211,1.484375,0,9,0.0,2.3333333333333335,2.0,0.0
phenylbutazone,C19H20N2O2,1,3,11,4,0,0,2,11,2,0,0.1053,308.0,377.0,277.0,0.734748011,1.36101083,0,15,0.0,2.75,2.75,0.0
quinineethylcarbonate,C23H28N2O4,2,6,10,5,0,3,1,11,2,0,0.1739,396.0,362.0,278.0,0.767955801,1.302158273,0,15,0.0,2.2,2.0,0.0
pentobarbital,C11H18N2O3,3,3,1,4,0,0,3,4,2,0,0.2727,226.0,408.0,279.0,0.683823529,1.462365591,0,5,0.0,1.0,0.25,0.0
atropine,C17H23NO3,1,5,9,2,1,1,1,7,1,0,0.1765,289.0,379.0,281.0,0.741424802,1.348754448,0,11,2.0,3.5,4.5,0.0
hexobarbital,C12H16N2O3,2,4,1,5,0,0,3,6,2,0,0.25,236.0,423.0,286.0,0.676122931,1.479020979,0,6,0.0,1.2,0.2,0.0
amobarbital,C11H18N2O3,3,3,1,4,0,0,3,4,2,0,0.2727,226.0,432.0,286.0,0.662037037,1.51048951,0,5,0.0,1.0,0.25,0.0
nimodipine,C21H26N2O7,5,2,6,8,0,3,4,10,2,0,0.3333,418.0,389.0,288.0,0.740359897,1.350694444,0,14,0.0,1.25,0.75,0.0
dimethyl acetamide,C4H9NO,3,0,0,1,0,0,1,1,1,0,0.25,87.0,254.56,146.15,0.574127907,1.741772152,0,1,0.0,1.0,0.0,0.0
1-bromobutane,C4H9Br,1,3,0,0,0,0,0,0,0,1,0.0,137.0,159.875,99.9,0.624863174,1.60035035,0,0,0.0,0.0,0.0,0.0
1-bromobutane,C4H9Br,1,3,0,0,0,0,0,0,0,1,0.0,137.018,159.875,99.9,0.624863174,1.60035035,0,0,0.0,0.0,0.0,0.0
isobutylbromide,C4H9Br,2,1,1,0,0,0,0,0,0,1,0.0,137.018,155.18,92.22,0.594277613,1.682715246,0,1,0.0,0.0,0.0,0.0
isobutylbromide,C4H9Br,2,1,1,0,0,0,0,0,0,1,0.0,137.0,155.18,92.22,0.594277613,1.682715246,0,1,0.0,0.0,0.0,0.0
isoamylbromide,C5H11Br,2,2,1,0,0,0,0,0,0,1,0.0,151.045,161.225,107.0,0.663668786,1.506775701,0,1,0.0,0.0,0.0,0.0
3-bromopentane,C5H11Br,2,2,1,0,0,0,0,0,0,1,0.0,151.0,146.9,108.0,0.73519401,1.360185185,0,1,0.0,0.0,0.0,0.0
9-bromophenanthrene,C14H9Br,0,0,9,5,0,0,0,12,0,1,0.0,257.0,337.65,224.8,0.665778173,1.502001779,0,14,0.0,2.4,1.8,0.2
bromobenzene,C6H5Br,0,0,5,1,0,0,0,4,0,1,0.0,157.008,243.0,140.0,0.576131687,1.735714286,0,6,0.0,4.0,5.0,1.0
tert-butyl-chloride,C4H9Cl,3,0,0,1,0,0,0,0,0,1,0.0,92.0,247.75,133.75,0.539858729,1.852336449,0,1,0.0,0.0,0.0,1.0
tert-butyl-chloride,C4H9Cl,2,1,1,0,0,0,0,0,0,1,0.0,92.0,247.75,133.75,0.539858729,1.852336449,0,1,0.0,0.0,0.0,0.0
1 -bromopropane,C3H7Br,1,2,0,0,0,0,0,0,0,1,0.0,122.992,160.3,107.0,0.66749844,1.498130841,0,0,0.0,0.0,0.0,0.0
1-iodobutane,C4H9I,1,3,0,0,0,0,0,0,0,1,0.0,184.018,164.6,108.4,0.658566221,1.518450185,0,0,0.0,0.0,0.0,0.0
isobutylchloride,C4H9Cl,2,1,1,0,0,0,0,0,0,1,0.0,92.0,142.35,88.7,0.623112048,1.604847802,0,1,0.0,0.0,0.0,0.0
iodobenzene,C6H5I,0,0,5,1,0,0,0,4,0,1,0.0,204.008,241.6,149.7,0.619619205,1.613894456,0,6,0.0,4.0,5.0,1.0
m-fluorotoluene,C7H7F,1,0,4,2,0,0,0,4,0,1,0.0,110.129,185.575,122.5,0.660110467,1.514897959,0,6,0.0,2.0,2.0,0.5
trichloroethylene,C2HCl3,0,0,1,1,0,0,0,1,0,3,0.0,131.0,188.45,107.05,0.568055187,1.76039234,0,2,0.0,1.0,1.0,3.0
hydrochloro-thiazide,C7H8ClN3O4S2,0,1,2,4,0,0,4,5,3,1,0.5714,297.74,547.15,385.0,0.703646166,1.421168831,2,6,0.0,1.25,0.5,0.25
griseofulvin,C17H17ClO6,4,1,3,9,0,4,2,9,0,1,0.3529,352.0,477.2875,366.5,0.767880994,1.30228513,0,12,0.0,1.0,0.3333333333333333,0.1111111111111111
glibenclamide,C23H28ClN3O5S,1,7,8,7,0,1,4,11,3,1,0.2174,494.004,446.325,337.5,0.756175433,1.322444444,1,15,0.0,1.5714285714285714,1.1428571428571428,0.14285714285714285
triphenyl phosphite,C18H15O3P,0,0,15,3,0,3,0,12,1,0,0.1667,310.284,298.15,200.0,0.670803287,1.49075,0,18,0.0,4.0,5.0,0.0
2-chloro-4-nitroaniline,C6H5ClN2O2,0,0,3,3,0,0,2,5,2,1,0.3333,172.0,441.0,324.0,0.734693878,1.361111111,0,6,0.0,1.6666666666666667,1.0,0.3333333333333333
4-chloroaniline,C6H6ClN,0,0,4,2,0,0,0,4,1,1,0.0,127.0,463.0,297.0,0.641468683,1.558922559,0,6,0.0,2.0,2.0,0.5
"3,4-dichloroaniline",C6H5Cl2N,0,0,3,3,0,0,0,4,1,2,0.0,162.0,443.0,296.0,0.668171558,1.496621622,0,6,0.0,1.3333333333333333,1.0,0.6666666666666666
2-chloroaniline,C6H6ClN,0,0,4,2,0,0,0,4,1,1,0.0,127.0,435.0,292.0,0.671264368,1.489726027,0,6,0.0,2.0,2.0,0.5
3-chloroaniline,C6H6ClN,0,0,4,2,0,0,0,4,1,1,0.0,127.0,416.0,286.0,0.6875,1.454545455,0,6,0.0,2.0,2.0,0.5
3-trifluoromethylaniline,C7H6F3N,0,0,4,3,0,0,0,4,1,3,0.0,161.125,397.0,280.0,0.705289673,1.417857143,0,7,0.0,1.3333333333333333,1.3333333333333333,1.0
o-fluoroaniline,C6H6FN,0,0,4,2,0,0,0,4,1,1,0.0,111.117,238.6,174.0,0.729253982,1.371264368,0,6,0.0,2.0,2.0,0.5
m-fluorophenol,C6H5FO,0,0,4,2,1,0,0,4,0,1,0.1667,112.101,286.0,191.0,0.667832168,1.497382199,0,6,2.0,2.0,2.0,0.5
ethacrynic acid,C13H12Cl2O4,1,3,2,7,1,1,2,7,0,2,0.3077,303.0,398.0,282.0,0.708542714,1.411347518,0,9,7.0,1.0,0.2857142857142857,0.2857142857142857
tolbutamide,C12H18N2O3S,2,3,4,3,0,0,3,5,2,0,0.25,270.347,403.0,284.0,0.70471464,1.419014085,1,7,0.0,1.6666666666666667,1.3333333333333333,0.0
tolnaftate,C19H17NOS,2,0,11,6,0,0,0,12,1,0,0.0,307.41,384.0,287.0,0.747395833,1.337979094,1,17,0.0,2.0,1.8333333333333333,0.0
flufenamic acid,C14H10F3NO2,0,0,8,6,1,0,1,9,1,3,0.1429,281.23,406.0,290.0,0.714285714,1.4,0,14,6.0,1.5,1.3333333333333333,0.5
chorotrianisene,C23H21ClO3,3,0,12,8,0,3,0,13,0,1,0.1304,380.0,393.0,298.0,0.75826972,1.318791946,0,20,0.0,1.625,1.5,0.125
chloramphenicol,C11H12Cl2N2O5,0,1,7,3,2,0,3,6,2,2,0.4545,323.0,417.6666667,305.3333333,0.731045491,1.36790393,0,10,1.5,2.0,2.3333333333333335,0.6666666666666666
spironolactone,C24H32O4S,3,9,5,7,0,1,3,9,0,0,0.1667,416.574,478.0,331.0,0.692468619,1.444108761,1,12,0.0,1.2857142857142858,0.7142857142857143,0.0
chlormadinone acetate,C23H29ClO4,4,6,5,7,0,1,3,9,0,1,0.1818,404.0,483.0,334.0,0.691511387,1.446107784,0,12,0.0,1.2857142857142858,0.7142857142857143,0.14285714285714285
indomethacin,C19H16ClNO4,2,1,7,9,1,1,2,12,1,1,0.2105,357.0,434.575,319.0,0.734050509,1.362304075,0,16,9.0,1.3333333333333333,0.7777777777777778,0.1111111111111111
chloroamphenicol,C11H12Cl2N2O5,0,1,7,3,2,0,3,6,2,2,0.4545,323.0,425.0,301.0,0.708235294,1.411960133,0,10,1.5,2.0,2.3333333333333335,0.6666666666666666
sulphisoxazole,C11H13N3O3S,2,0,4,5,0,1,2,7,1,0,0.2727,267.304,460.0,306.0,0.665217391,1.503267974,1,9,0.0,1.4,0.8,0.0
felodipine,C18H19Cl2NO4,4,1,4,9,0,2,2,9,1,2,0.2222,384.0,407.0,316.0,0.776412776,1.287974684,0,13,0.0,1.0,0.4444444444444444,0.2222222222222222
sulphathiazole,C9H9N3O2S2,0,0,6,3,0,0,2,7,3,0,0.2222,255.316,471.0,334.0,0.709129512,1.410179641,2,9,0.0,2.3333333333333335,2.0,0.0
sulphadimethoxine,C12H14N4O4S,2,0,5,5,0,2,2,8,4,0,0.3333,310.329,465.0,339.0,0.729032258,1.371681416,1,10,0.0,1.6,1.0,0.0
chlorotrianisene,C23H21ClO3,3,0,12,8,0,3,0,13,0,1,0.1304,380.0,393.0,298.0,0.75826972,1.318791946,0,20,0.0,1.625,1.5,0.125
tolnaphtate,C19H17NOS,2,0,11,6,0,0,0,12,1,0,0.0,307.41,384.0,287.0,0.747395833,1.337979094,1,17,0.0,2.0,1.8333333333333333,0.0
chlorobenzene,C6H5Cl,0,0,5,1,0,0,0,4,0,1,0.0,112.0,226.6,126.3,0.557369815,1.794140934,0,6,0.0,4.0,5.0,1.0
probucol,C31H48O2S2,14,0,4,13,2,0,0,8,0,0,0.0645,516.0,398.15,295.0,0.740926786,1.349661017,2,17,6.5,0.6153846153846154,0.3076923076923077,0.0
2-ethylhexylamine,C8H19N,2,5,1,0,0,0,0,0,1,0,0.0,129.0,197.0,141.0,0.715736041,1.397163121,0,1,0.0,0.0,0.0,0.0
n-(s-1-naphthylethyl)-tetrachlorophthalimide,C20H13O2NCl4,1,0,10,9,0,0,2,14,1,4,0.1,439.0,462.0,362.0,0.783549784,1.276243094,0,19,0.0,1.5555555555555556,1.1111111111111112,0.4444444444444444
"n-(s-1-naphthylethyl)-2,2-diphenic imide",C26H19O2N,1,0,16,9,0,0,2,15,1,0,0.0769,377.0,469.0,356.0,0.759061834,1.31741573,0,25,0.0,1.6666666666666667,1.7777777777777777,0.0
"n-(r-1-phenylethyl)-2,2-diphenic imide",C22H17O2N,1,0,14,7,0,0,2,15,1,0,0.0909,327.0,479.0,333.0,0.69519833,1.438438438,0,21,0.0,2.142857142857143,2.0,0.0
"n-(r-1-phenylethyl)-4-nitro-1,8-naphthalimide",C20H14O4N2,1,0,11,8,0,0,4,15,2,0,0.2,346.0,401.0,320.0,0.798004988,1.253125,0,19,0.0,1.875,1.375,0.0
"n-(r-1-phenylethyl)-1,8-naphthalimide",C20H15O2N,1,0,12,7,0,0,2,15,1,0,0.1,300.0,435.0,319.0,0.733333333,1.363636364,0,19,0.0,2.142857142857143,1.7142857142857142,0.0
n-(r-1-phenylethyl)-3-nitrophthalimide,C16H12O4N2,1,0,9,6,0,0,4,12,2,0,0.25,296.0,395.0,289.0,0.73164557,1.366782007,0,15,0.0,2.0,1.5,0.0
"4-acetamido-n-(2,4-dimethylphenyl)-1,8naphthalimide",C21H18O3N2,3,0,8,10,0,0,3,15,2,0,0.1429,346.0,564.0,401.0,0.710992908,1.406483791,0,18,0.0,1.5,0.8,0.0
"n-(1,2,3,4-tetrahydro-1-naphthyl)-tetrachlorophthalimide",C18H11O2NCl4,0,3,5,10,0,0,2,12,1,4,0.1111,413.0,501.0,343.0,0.684630739,1.460641399,0,15,0.0,1.2,0.5,0.4
"1-methyl-1-(p-hydroxyphenyl)-1,2,3,4tetrahydronaphthalene",C17H18O,1,3,8,5,1,0,0,9,0,0,0.0588,238.0,393.0,283.0,0.720101781,1.38869258,0,13,5.0,1.8,1.6,0.0
"1,3-dinitro-4,6-bis-(r-l-phenylethylamino)benzene",C22H22N4O4,2,0,14,6,0,0,3,14,4,0,0.1364,406.0,469.0,316.0,0.673773987,1.484177215,0,20,0.0,2.3333333333333335,2.3333333333333335,0.0
n-(r-1-phenylethyl)-n-(p-nitrophenyl)thiourea,C15H15N3O2S,1,0,10,4,0,0,3,10,3,0,0.2,301.0,386.0,313.0,0.810880829,1.233226837,1,14,0.0,2.5,2.5,0.0
1-menthyl-3-nitrophenylurethane,C17H23N2O4,3,3,8,3,0,1,3,6,2,0,0.2353,319.0,354.0,288.0,0.813559322,1.229166667,0,11,0.0,2.0,2.6666666666666665,0.0
1-(ethoxycarbonyl)ethyl-2-methyl-4-nitrophenylurethane,C14H20N2O6,3,4,3,4,0,2,4,7,2,0,0.4286,312.0,343.0,273.0,0.795918367,1.256410256,0,7,0.0,1.75,0.75,0.0
"1,1,3-trimethyl-3-(p-carboxyphenyl)-indan-5-carboxylic acid",C20H20O4,3,1,7,9,2,0,2,11,0,0,0.2,324.0,565.0,402.0,0.711504425,1.405472637,0,16,4.5,1.2222222222222223,0.7777777777777778,0.0
"2-benzyl-(3,3)spirobi-(benzo[f]chroman)",C32H46O2,0,16,14,2,0,2,0,10,0,0,0.0625,462.0,483.0,339.0,0.701863354,1.424778761,0,16,0.0,5.0,7.0,0.0
n-(1-phenylethyl)-n-(p-nitrophenyl)urea,C15H15N3O3,1,0,10,4,0,0,3,9,3,0,0.2,285.0,444.0,305.0,0.686936937,1.455737705,0,14,0.0,2.25,2.5,0.0
"n-( 1-phenylethyl)-2,4-dinitroaniline",C14H13N3O4,1,0,9,4,0,0,3,10,3,0,0.2143,287.0,387.0,283.0,0.73126615,1.367491166,0,13,0.0,2.5,2.25,0.0
n-(2-tetrahydropyryl)saccharin,C12H13NO4S,0,4,5,3,0,1,3,7,1,0,0.3333,267.0,409.0,279.0,0.682151589,1.465949821,1,8,0.0,2.3333333333333335,1.6666666666666667,0.0
"9,9-bis(p-hydroxyphenyl)fluorene",C25H18O2,0,0,16,9,2,0,0,17,0,0,0.08,350.0,497.0,372.0,0.748490946,1.336021505,0,25,4.5,1.8888888888888888,1.7777777777777777,0.0
"9,9-bis(p-aminophenyl)fluorene",C25H20N2,0,0,16,9,0,0,0,17,2,0,0.0,348.0,501.0,360.0,0.718562874,1.391666667,0,25,0.0,1.8888888888888888,1.7777777777777777,0.0
anilinephthalein,C20H16N2O2,0,0,12,8,0,1,1,12,2,0,0.1,316.0,475.0,353.0,0.743157895,1.345609065,0,20,0.0,1.5,1.5,0.0
"2,2,2-tris(chloromethyl)ethyl-p-nitrophenylurethane",C12H13N2O4Cl3,0,4,4,4,0,1,3,6,2,3,0.3333,354.0,429.0,293.0,0.682983683,1.464163823,0,8,0.0,1.5,1.0,0.75
"2,2,3,3-tetrafluoropropyl-p-nitrophenylurethane",C10H8N2O4F4,0,1,5,4,0,1,3,6,2,4,0.4,296.0,348.0,261.0,0.75,1.333333333,0,9,0.0,1.5,1.25,1.0
n-pentyl-p-nitrophenylurethane,C12H16N2O4,1,4,4,3,0,1,3,6,2,0,0.3333,210.0,365.0,243.0,0.665753425,1.502057613,0,7,0.0,2.0,1.3333333333333333,0.0
budesonide,C25H34O6,3,7,9,6,2,2,2,9,0,0,0.24,430.0,530.0,368.0,0.694339623,1.440217391,0,15,3.0,1.5,1.5,0.0
prednisone,C21H26O5,2,6,6,7,2,0,3,9,0,0,0.2381,358.0,513.0,366.0,0.713450292,1.401639344,0,13,3.5,1.2857142857142858,0.8571428571428571,0.0
hydrocortisone,C21H30O5,2,8,5,6,3,0,2,7,0,0,0.2381,362.0,497.0,359.0,0.722334004,1.384401114,0,11,2.0,1.1666666666666667,0.8333333333333334,0.0
warfarin,C19H16O4,1,1,10,7,1,1,2,12,0,0,0.2105,308.0,435.0,341.0,0.783908046,1.275659824,0,17,7.0,1.7142857142857142,1.4285714285714286,0.0
testosterone,C19H28O2,2,8,5,4,1,0,1,6,0,0,0.1053,288.0,426.0,315.0,0.73943662,1.352380952,0,9,4.0,1.5,1.25,0.0
nandrolone,C18H26O2,1,8,6,3,1,0,1,6,0,0,0.1111,274.0,397.0,310.0,0.780856423,1.280645161,0,9,3.0,2.0,2.0,0.0
simvastatin,C25H38O5,5,6,10,4,1,2,2,7,0,0,0.2,418.0,412.0,309.0,0.75,1.333333333,0,14,4.0,1.75,2.5,0.0
fluorescamin,C17H10O4,0,0,10,7,0,2,2,13,0,0,0.2353,278.0,428.0,299.0,0.698598131,1.431438127,0,17,0.0,1.8571428571428572,1.4285714285714286,0.0
ibuprofen,C13H18O2,3,1,6,3,1,0,1,5,0,0,0.1538,206.0,350.0,228.0,0.651428571,1.535087719,0,9,3.0,1.6666666666666667,2.0,0.0
ketoprofen,C16H14O3,1,0,10,5,1,0,2,10,0,0,0.1875,254.0,368.0,270.0,0.733695652,1.362962963,0,15,5.0,2.0,2.0,0.0
Aripiprazole,C23H27Cl2N3O2,0,10,6,7,0,1,1,11,3,2,0.087,448.0,526.0,363.0,0.690114068,1.449035813,0,13,0.0,1.5714285714285714,0.8571428571428571,0.2857142857142857
Bucindolol,C22H25N3O2,2,3,10,7,1,1,0,12,3,0,0.0909,364.0,459.0,356.0,0.775599129,1.289325843,0,17,7.0,1.7142857142857142,1.4285714285714286,0.0
Danazol,C22H27NO2,2,7,6,7,1,1,0,10,1,0,0.0909,337.0,500.0,352.0,0.704,1.420454545,0,13,7.0,1.4285714285714286,0.8571428571428571,0.0
Bezafibrate,C19H20ClNO4,2,2,8,7,1,1,2,10,1,0,0.2105,362.0,457.0,346.0,0.757111597,1.320809249,0,15,7.0,1.4285714285714286,1.1428571428571428,0.0
Ezetimibe,C24H21F2NO3,0,2,15,7,2,0,1,14,1,2,0.125,409.0,437.0,338.0,0.773455378,1.292899408,0,22,3.5,2.0,2.142857142857143,0.2857142857142857
Glafenine,C19H17ClN2O4,0,2,10,7,2,1,1,12,2,1,0.2105,373.0,437.0,336.0,0.768878719,1.300595238,0,17,3.5,1.7142857142857142,1.4285714285714286,0.14285714285714285
Pimozide,C28H29F2N3O,0,7,14,7,0,0,1,14,3,2,0.0357,461.0,492.0,327.0,0.664634146,1.504587156,0,21,0.0,2.0,2.0,0.2857142857142857
Zolmitriptan,C16H21N3O2,2,4,5,5,0,1,1,8,3,0,0.125,287.0,410.0,322.0,0.785365854,1.273291925,0,10,0.0,1.6,1.0,0.0
Diazepam,C16H13ClN2O,1,1,8,6,0,0,1,7,2,1,0.0625,284.0,404.0,319.0,0.78960396,1.26645768,0,14,0.0,1.1666666666666667,1.3333333333333333,0.16666666666666666
Felodipine,C18H19Cl2NO4,4,1,4,9,0,2,2,9,1,2,0.2222,384.0,420.0,318.0,0.757142857,1.320754717,0,13,0.0,1.0,0.4444444444444444,0.2222222222222222
Nifedipine,C17H18N2O6,4,0,5,8,0,2,4,9,1,0,0.3529,346.0,446.0,318.0,0.713004484,1.402515723,0,13,0.0,1.125,0.625,0.0
Carvedilol,C24H26N2O4,1,4,12,7,1,3,0,13,2,0,0.1667,407.0,390.0,315.0,0.807692308,1.238095238,0,19,7.0,1.8571428571428572,1.7142857142857142,0.0
Loratadine,C22H23ClN2O2,1,7,6,8,0,1,1,12,2,1,0.0909,383.0,409.0,310.0,0.75794621,1.319354839,0,14,0.0,1.5,0.75,0.125
Clemastine,C21H26ClNO,2,5,10,4,0,1,0,9,1,1,0.0476,344.0,451.0,308.0,0.682926829,1.464285714,0,14,0.0,2.25,2.5,0.25
Clotrimazole,C22H17ClN2,0,0,17,5,0,0,0,15,2,1,0.0,345.0,418.0,303.0,0.724880383,1.379537954,0,22,0.0,3.0,3.4,0.2
Physostigmine,C15H21N3O2,4,2,4,5,0,1,1,7,3,0,0.1333,275.0,377.0,293.0,0.777188329,1.28668942,0,9,0.0,1.4,0.8,0.0
Bifonazole,C22H18N2,0,0,18,4,0,0,0,15,2,0,0.0,310.0,424.0,290.0,0.683962264,1.462068966,0,22,0.0,3.75,4.5,0.0
Cinnarizine,C26H28N2,0,5,18,3,0,0,0,14,2,0,0.0,369.0,394.0,280.0,0.710659898,1.407142857,0,21,0.0,4.666666666666667,6.0,0.0
Clofoctol,C21H26Cl2O,5,2,6,8,1,0,0,8,0,2,0.0476,365.0,361.0,269.0,0.745152355,1.342007435,0,14,8.0,1.0,0.75,0.25
Tamoxifen,C26H29NO,3,3,14,6,0,1,0,13,1,0,0.0385,372.0,371.0,263.0,0.708894879,1.410646388,0,20,0.0,2.1666666666666665,2.3333333333333335,0.0
Procaine,C13H20N2O2,2,4,4,3,0,1,1,5,2,0,0.1538,236.0,335.0,234.0,0.698507463,1.431623932,0,7,0.0,1.6666666666666667,1.3333333333333333,0.0
Orlistat,C29H53NO5,4,17,5,3,0,2,3,4,1,0,0.1724,496.0,316.0,228.0,0.721518987,1.385964912,0,8,0.0,1.3333333333333333,1.6666666666666667,0.0
Linaprazan,C21H26N4O2,4,3,5,9,1,0,1,11,4,0,0.0952,367.0,519.0,373.0,0.718689788,1.391420912,0,14,9.0,1.2222222222222223,0.5555555555555556,0.0
Isradipine,C19H21N3O5,5,0,5,9,0,3,2,11,3,0,0.2632,371.0,432.0,316.0,0.731481481,1.367088608,0,14,0.0,1.2222222222222223,0.5555555555555556,0.0
Acemetacin,C21H18ClNO6,2,2,7,10,1,2,3,13,1,1,0.2857,416.0,421.0,310.0,0.736342043,1.358064516,0,17,10.0,1.3,0.7,0.1
Nilutamide,C12H10F3N3O4,2,0,3,7,0,0,4,7,3,3,0.3333,317.0,428.0,306.0,0.714953271,1.39869281,0,10,0.0,1.0,0.42857142857142855,0.42857142857142855
Aceclofenac,C16H13Cl2NO4,0,2,7,7,1,1,2,10,1,2,0.25,354.0,426.0,283.0,0.664319249,1.505300353,0,14,7.0,1.4285714285714286,1.0,0.2857142857142857
Miconazole,C18H14Cl4N2O,0,2,10,6,0,1,0,11,2,4,0.0556,416.0,359.0,274.0,0.763231198,1.310218978,0,16,0.0,1.8333333333333333,1.6666666666666667,0.6666666666666666
Flurbiprofen,C15H13FO2,1,0,9,5,1,0,1,9,0,1,0.1333,244.0,388.0,267.0,0.68814433,1.453183521,0,14,5.0,1.8,1.8,0.2
Fenofibrate,C20H21ClO4,4,0,9,7,0,2,2,10,0,1,0.2,361.0,354.0,254.0,0.717514124,1.393700787,0,16,0.0,1.4285714285714286,1.2857142857142858,0.14285714285714285
